structure,method,design_id,cdr,rmsd_angstrom
9NH7,baseline,9NH7_baseline_001,H1,3.285
9NH7,baseline,9NH7_baseline_001,H2,0.991
9NH7,baseline,9NH7_baseline_001,H3,1.061
9NH7,baseline,9NH7_baseline_002,H1,2.897
9NH7,baseline,9NH7_baseline_002,H2,1.208
9NH7,baseline,9NH7_baseline_002,H3,0.683
9NH7,baseline,9NH7_baseline_003,H1,2.82
9NH7,baseline,9NH7_baseline_003,H2,0.67
9NH7,baseline,9NH7_baseline_003,H3,0.911
9NH7,baseline,9NH7_baseline_004,H1,3.603
9NH7,baseline,9NH7_baseline_004,H2,1.404
9NH7,baseline,9NH7_baseline_004,H3,1.33
9NH7,baseline,9NH7_baseline_005,H1,3.58
9NH7,baseline,9NH7_baseline_005,H2,1.388
9NH7,baseline,9NH7_baseline_005,H3,1.369
9NH7,baseline,9NH7_baseline_006,H1,3.494
9NH7,baseline,9NH7_baseline_006,H2,1.212
9NH7,baseline,9NH7_baseline_006,H3,1.111
9NH7,baseline,9NH7_baseline_007,H1,3.438
9NH7,baseline,9NH7_baseline_007,H2,1.261
9NH7,baseline,9NH7_baseline_007,H3,1.123
9NH7,baseline,9NH7_baseline_008,H1,3.398
9NH7,baseline,9NH7_baseline_008,H2,1.289
9NH7,baseline,9NH7_baseline_008,H3,1.273
9NH7,baseline,9NH7_baseline_009,H1,3.465
9NH7,baseline,9NH7_baseline_009,H2,1.312
9NH7,baseline,9NH7_baseline_009,H3,1.242
9NH7,baseline,9NH7_baseline_010,H1,2.917
9NH7,baseline,9NH7_baseline_010,H2,0.384
9NH7,baseline,9NH7_baseline_010,H3,0.797
9NH7,baseline,9NH7_baseline_011,H1,2.793
9NH7,baseline,9NH7_baseline_011,H2,0.653
9NH7,baseline,9NH7_baseline_011,H3,0.933
9NH7,baseline,9NH7_baseline_012,H1,4.899
9NH7,baseline,9NH7_baseline_012,H2,1.045
9NH7,baseline,9NH7_baseline_012,H3,0.985
9NH7,baseline,9NH7_baseline_013,H1,3.275
9NH7,baseline,9NH7_baseline_013,H2,0.849
9NH7,baseline,9NH7_baseline_013,H3,12.509
9NH7,baseline,9NH7_baseline_014,H1,3.628
9NH7,baseline,9NH7_baseline_014,H2,1.303
9NH7,baseline,9NH7_baseline_014,H3,1.62
9NH7,baseline,9NH7_baseline_015,H1,3.584
9NH7,baseline,9NH7_baseline_015,H2,1.35
9NH7,baseline,9NH7_baseline_015,H3,1.475
9NH7,baseline,9NH7_baseline_016,H1,3.514
9NH7,baseline,9NH7_baseline_016,H2,1.555
9NH7,baseline,9NH7_baseline_016,H3,1.447
9NH7,baseline,9NH7_baseline_017,H1,3.575
9NH7,baseline,9NH7_baseline_017,H2,1.397
9NH7,baseline,9NH7_baseline_017,H3,1.449
9NH7,baseline,9NH7_baseline_018,H1,3.846
9NH7,baseline,9NH7_baseline_018,H2,0.972
9NH7,baseline,9NH7_baseline_018,H3,1.481
9NH7,baseline,9NH7_baseline_019,H1,2.875
9NH7,baseline,9NH7_baseline_019,H2,0.751
9NH7,baseline,9NH7_baseline_019,H3,1.076
9NH7,baseline,9NH7_baseline_020,H1,3.552
9NH7,baseline,9NH7_baseline_020,H2,1.242
9NH7,baseline,9NH7_baseline_020,H3,1.147
9NH7,baseline,9NH7_baseline_021,H1,2.776
9NH7,baseline,9NH7_baseline_021,H2,0.656
9NH7,baseline,9NH7_baseline_021,H3,0.774
9NH7,baseline,9NH7_baseline_022,H1,3.572
9NH7,baseline,9NH7_baseline_022,H2,3.409
9NH7,baseline,9NH7_baseline_022,H3,1.355
9NH7,baseline,9NH7_baseline_023,H1,3.494
9NH7,baseline,9NH7_baseline_023,H2,1.212
9NH7,baseline,9NH7_baseline_023,H3,1.111
9NH7,baseline,9NH7_baseline_024,H1,2.796
9NH7,baseline,9NH7_baseline_024,H2,0.597
9NH7,baseline,9NH7_baseline_024,H3,0.761
9NH7,baseline,9NH7_baseline_025,H1,2.809
9NH7,baseline,9NH7_baseline_025,H2,0.64
9NH7,baseline,9NH7_baseline_025,H3,0.793
9NH7,baseline,9NH7_baseline_026,H1,3.567
9NH7,baseline,9NH7_baseline_026,H2,1.226
9NH7,baseline,9NH7_baseline_026,H3,1.085
9NH7,baseline,9NH7_baseline_027,H1,3.513
9NH7,baseline,9NH7_baseline_027,H2,1.307
9NH7,baseline,9NH7_baseline_027,H3,1.31
9NH7,baseline,9NH7_baseline_028,H1,3.582
9NH7,baseline,9NH7_baseline_028,H2,1.584
9NH7,baseline,9NH7_baseline_028,H3,1.448
9NH7,baseline,9NH7_baseline_029,H1,3.582
9NH7,baseline,9NH7_baseline_029,H2,1.365
9NH7,baseline,9NH7_baseline_029,H3,1.528
9NH7,baseline,9NH7_baseline_030,H1,3.575
9NH7,baseline,9NH7_baseline_030,H2,1.397
9NH7,baseline,9NH7_baseline_030,H3,1.449
9NH7,baseline,9NH7_baseline_031,H1,3.433
9NH7,baseline,9NH7_baseline_031,H2,1.469
9NH7,baseline,9NH7_baseline_031,H3,1.29
9NH7,baseline,9NH7_baseline_032,H1,3.573
9NH7,baseline,9NH7_baseline_032,H2,1.079
9NH7,baseline,9NH7_baseline_032,H3,1.086
9NH7,baseline,9NH7_baseline_033,H1,3.532
9NH7,baseline,9NH7_baseline_033,H2,1.27
9NH7,baseline,9NH7_baseline_033,H3,1.256
9NH7,baseline,9NH7_baseline_034,H1,2.778
9NH7,baseline,9NH7_baseline_034,H2,0.708
9NH7,baseline,9NH7_baseline_034,H3,0.68
9NH7,baseline,9NH7_baseline_035,H1,3.481
9NH7,baseline,9NH7_baseline_035,H2,1.395
9NH7,baseline,9NH7_baseline_035,H3,11.793
9NH7,baseline,9NH7_baseline_036,H1,2.982
9NH7,baseline,9NH7_baseline_036,H2,0.634
9NH7,baseline,9NH7_baseline_036,H3,0.66
9NH7,baseline,9NH7_baseline_037,H1,3.565
9NH7,baseline,9NH7_baseline_037,H2,1.06
9NH7,baseline,9NH7_baseline_037,H3,1.071
9NH7,baseline,9NH7_baseline_038,H1,3.431
9NH7,baseline,9NH7_baseline_038,H2,1.376
9NH7,baseline,9NH7_baseline_038,H3,1.26
9NH7,baseline,9NH7_baseline_039,H1,3.614
9NH7,baseline,9NH7_baseline_039,H2,1.357
9NH7,baseline,9NH7_baseline_039,H3,1.169
9NH7,baseline,9NH7_baseline_040,H1,2.844
9NH7,baseline,9NH7_baseline_040,H2,0.662
9NH7,baseline,9NH7_baseline_040,H3,0.802
9NH7,baseline,9NH7_baseline_041,H1,2.896
9NH7,baseline,9NH7_baseline_041,H2,0.436
9NH7,baseline,9NH7_baseline_041,H3,0.684
9NH7,baseline,9NH7_baseline_042,H1,3.465
9NH7,baseline,9NH7_baseline_042,H2,1.366
9NH7,baseline,9NH7_baseline_042,H3,11.43
9NH7,baseline,9NH7_baseline_043,H1,2.93
9NH7,baseline,9NH7_baseline_043,H2,0.614
9NH7,baseline,9NH7_baseline_043,H3,0.929
9NH7,baseline,9NH7_baseline_044,H1,3.576
9NH7,baseline,9NH7_baseline_044,H2,1.218
9NH7,baseline,9NH7_baseline_044,H3,1.065
9NH7,baseline,9NH7_baseline_045,H1,2.953
9NH7,baseline,9NH7_baseline_045,H2,0.67
9NH7,baseline,9NH7_baseline_045,H3,0.771
9NH7,baseline,9NH7_baseline_046,H1,3.598
9NH7,baseline,9NH7_baseline_046,H2,1.667
9NH7,baseline,9NH7_baseline_046,H3,1.467
9NH7,baseline,9NH7_baseline_047,H1,3.449
9NH7,baseline,9NH7_baseline_047,H2,0.7
9NH7,baseline,9NH7_baseline_047,H3,12.721
9NH7,baseline,9NH7_baseline_048,H1,3.541
9NH7,baseline,9NH7_baseline_048,H2,1.166
9NH7,baseline,9NH7_baseline_048,H3,1.106
9NH7,baseline,9NH7_baseline_049,H1,2.87
9NH7,baseline,9NH7_baseline_049,H2,0.603
9NH7,baseline,9NH7_baseline_049,H3,0.713
9NH7,baseline,9NH7_baseline_050,H1,2.746
9NH7,baseline,9NH7_baseline_050,H2,0.749
9NH7,baseline,9NH7_baseline_050,H3,0.673
9NH7,baseline,9NH7_baseline_051,H1,3.558
9NH7,baseline,9NH7_baseline_051,H2,1.427
9NH7,baseline,9NH7_baseline_051,H3,1.334
9NH7,baseline,9NH7_baseline_052,H1,3.537
9NH7,baseline,9NH7_baseline_052,H2,1.215
9NH7,baseline,9NH7_baseline_052,H3,1.143
9NH7,baseline,9NH7_baseline_053,H1,3.587
9NH7,baseline,9NH7_baseline_053,H2,1.087
9NH7,baseline,9NH7_baseline_053,H3,1.02
9NH7,baseline,9NH7_baseline_054,H1,2.693
9NH7,baseline,9NH7_baseline_054,H2,1.02
9NH7,baseline,9NH7_baseline_054,H3,0.938
9NH7,baseline,9NH7_baseline_055,H1,3.557
9NH7,baseline,9NH7_baseline_055,H2,1.653
9NH7,baseline,9NH7_baseline_055,H3,1.446
9NH7,baseline,9NH7_baseline_056,H1,2.909
9NH7,baseline,9NH7_baseline_056,H2,0.846
9NH7,baseline,9NH7_baseline_056,H3,1.162
9NH7,baseline,9NH7_baseline_057,H1,2.888
9NH7,baseline,9NH7_baseline_057,H2,0.522
9NH7,baseline,9NH7_baseline_057,H3,1.162
9NH7,baseline,9NH7_baseline_058,H1,3.117
9NH7,baseline,9NH7_baseline_058,H2,1.076
9NH7,baseline,9NH7_baseline_058,H3,2.592
9NH7,baseline,9NH7_baseline_059,H1,3.552
9NH7,baseline,9NH7_baseline_059,H2,1.161
9NH7,baseline,9NH7_baseline_059,H3,1.103
9NH7,baseline,9NH7_baseline_060,H1,2.753
9NH7,baseline,9NH7_baseline_060,H2,0.672
9NH7,baseline,9NH7_baseline_060,H3,0.74
9NH7,baseline,9NH7_baseline_061,H1,3.417
9NH7,baseline,9NH7_baseline_061,H2,0.675
9NH7,baseline,9NH7_baseline_061,H3,13.436
9NH7,baseline,9NH7_baseline_062,H1,2.781
9NH7,baseline,9NH7_baseline_062,H2,0.698
9NH7,baseline,9NH7_baseline_062,H3,0.716
9NH7,baseline,9NH7_baseline_063,H1,3.534
9NH7,baseline,9NH7_baseline_063,H2,1.325
9NH7,baseline,9NH7_baseline_063,H3,1.408
9NH7,baseline,9NH7_baseline_064,H1,3.452
9NH7,baseline,9NH7_baseline_064,H2,1.386
9NH7,baseline,9NH7_baseline_064,H3,1.344
9NH7,baseline,9NH7_baseline_065,H1,3.252
9NH7,baseline,9NH7_baseline_065,H2,0.978
9NH7,baseline,9NH7_baseline_065,H3,2.723
9NH7,baseline,9NH7_baseline_066,H1,3.58
9NH7,baseline,9NH7_baseline_066,H2,1.388
9NH7,baseline,9NH7_baseline_066,H3,1.369
9NH7,baseline,9NH7_baseline_067,H1,2.923
9NH7,baseline,9NH7_baseline_067,H2,0.585
9NH7,baseline,9NH7_baseline_067,H3,0.758
9NH7,baseline,9NH7_baseline_068,H1,4.473
9NH7,baseline,9NH7_baseline_068,H2,2.84
9NH7,baseline,9NH7_baseline_068,H3,7.262
9NH7,baseline,9NH7_baseline_069,H1,2.675
9NH7,baseline,9NH7_baseline_069,H2,0.669
9NH7,baseline,9NH7_baseline_069,H3,0.703
9NH7,baseline,9NH7_baseline_070,H1,3.592
9NH7,baseline,9NH7_baseline_070,H2,1.414
9NH7,baseline,9NH7_baseline_070,H3,1.639
9NH7,baseline,9NH7_baseline_071,H1,2.922
9NH7,baseline,9NH7_baseline_071,H2,0.658
9NH7,baseline,9NH7_baseline_071,H3,1.22
9NH7,baseline,9NH7_baseline_072,H1,2.802
9NH7,baseline,9NH7_baseline_072,H2,0.658
9NH7,baseline,9NH7_baseline_072,H3,1.03
9NH7,baseline,9NH7_baseline_073,H1,3.585
9NH7,baseline,9NH7_baseline_073,H2,1.385
9NH7,baseline,9NH7_baseline_073,H3,1.51
9NH7,baseline,9NH7_baseline_074,H1,2.859
9NH7,baseline,9NH7_baseline_074,H2,0.623
9NH7,baseline,9NH7_baseline_074,H3,0.794
9NH7,baseline,9NH7_baseline_075,H1,3.437
9NH7,baseline,9NH7_baseline_075,H2,0.956
9NH7,baseline,9NH7_baseline_075,H3,13.121
9NH7,baseline,9NH7_baseline_076,H1,2.829
9NH7,baseline,9NH7_baseline_076,H2,0.828
9NH7,baseline,9NH7_baseline_076,H3,0.993
9NH7,baseline,9NH7_baseline_077,H1,3.0
9NH7,baseline,9NH7_baseline_077,H2,0.395
9NH7,baseline,9NH7_baseline_077,H3,0.908
9NH7,baseline,9NH7_baseline_078,H1,2.947
9NH7,baseline,9NH7_baseline_078,H2,0.615
9NH7,baseline,9NH7_baseline_078,H3,0.721
9NH7,baseline,9NH7_baseline_079,H1,3.25
9NH7,baseline,9NH7_baseline_079,H2,1.198
9NH7,baseline,9NH7_baseline_079,H3,2.792
9NH7,baseline,9NH7_baseline_080,H1,3.525
9NH7,baseline,9NH7_baseline_080,H2,1.224
9NH7,baseline,9NH7_baseline_080,H3,1.119
9NH7,baseline,9NH7_baseline_081,H1,4.639
9NH7,baseline,9NH7_baseline_081,H2,2.793
9NH7,baseline,9NH7_baseline_081,H3,0.939
9NH7,baseline,9NH7_baseline_082,H1,3.545
9NH7,baseline,9NH7_baseline_082,H2,1.191
9NH7,baseline,9NH7_baseline_082,H3,1.166
9NH7,baseline,9NH7_baseline_083,H1,2.742
9NH7,baseline,9NH7_baseline_083,H2,0.813
9NH7,baseline,9NH7_baseline_083,H3,0.768
9NH7,baseline,9NH7_baseline_084,H1,2.804
9NH7,baseline,9NH7_baseline_084,H2,0.695
9NH7,baseline,9NH7_baseline_084,H3,0.863
9NH7,baseline,9NH7_baseline_085,H1,3.571
9NH7,baseline,9NH7_baseline_085,H2,1.432
9NH7,baseline,9NH7_baseline_085,H3,1.357
9NH7,baseline,9NH7_baseline_086,H1,3.575
9NH7,baseline,9NH7_baseline_086,H2,1.397
9NH7,baseline,9NH7_baseline_086,H3,1.449
9NH7,baseline,9NH7_baseline_087,H1,3.457
9NH7,baseline,9NH7_baseline_087,H2,1.305
9NH7,baseline,9NH7_baseline_087,H3,1.38
9NH7,baseline,9NH7_baseline_088,H1,2.854
9NH7,baseline,9NH7_baseline_088,H2,0.609
9NH7,baseline,9NH7_baseline_088,H3,0.792
9NH7,baseline,9NH7_baseline_089,H1,3.573
9NH7,baseline,9NH7_baseline_089,H2,1.405
9NH7,baseline,9NH7_baseline_089,H3,1.614
9NH7,baseline,9NH7_baseline_090,H1,2.709
9NH7,baseline,9NH7_baseline_090,H2,0.754
9NH7,baseline,9NH7_baseline_090,H3,0.873
9NH7,baseline,9NH7_baseline_091,H1,3.539
9NH7,baseline,9NH7_baseline_091,H2,3.558
9NH7,baseline,9NH7_baseline_091,H3,1.499
9NH7,baseline,9NH7_baseline_092,H1,3.548
9NH7,baseline,9NH7_baseline_092,H2,1.239
9NH7,baseline,9NH7_baseline_092,H3,1.361
9NH7,baseline,9NH7_baseline_093,H1,2.799
9NH7,baseline,9NH7_baseline_093,H2,0.649
9NH7,baseline,9NH7_baseline_093,H3,0.851
9NH7,baseline,9NH7_baseline_094,H1,2.697
9NH7,baseline,9NH7_baseline_094,H2,0.439
9NH7,baseline,9NH7_baseline_094,H3,0.636
9NH7,baseline,9NH7_baseline_095,H1,3.55
9NH7,baseline,9NH7_baseline_095,H2,1.298
9NH7,baseline,9NH7_baseline_095,H3,1.474
9NH7,baseline,9NH7_baseline_096,H1,3.005
9NH7,baseline,9NH7_baseline_096,H2,0.526
9NH7,baseline,9NH7_baseline_096,H3,0.633
9NH7,baseline,9NH7_baseline_097,H1,3.509
9NH7,baseline,9NH7_baseline_097,H2,1.264
9NH7,baseline,9NH7_baseline_097,H3,1.383
9NH7,baseline,9NH7_baseline_098,H1,3.523
9NH7,baseline,9NH7_baseline_098,H2,1.27
9NH7,baseline,9NH7_baseline_098,H3,1.397
9NH7,baseline,9NH7_baseline_099,H1,3.534
9NH7,baseline,9NH7_baseline_099,H2,1.236
9NH7,baseline,9NH7_baseline_099,H3,1.426
9NH7,baseline,9NH7_baseline_100,H1,3.502
9NH7,baseline,9NH7_baseline_100,H2,1.307
9NH7,baseline,9NH7_baseline_100,H3,1.254
9NH7,ensemble,9NH7_ensemble_seed000,H1,4.443
9NH7,ensemble,9NH7_ensemble_seed000,H2,2.892
9NH7,ensemble,9NH7_ensemble_seed000,H3,12.683
9NH7,ensemble,9NH7_ensemble_seed001,H1,3.647
9NH7,ensemble,9NH7_ensemble_seed001,H2,2.845
9NH7,ensemble,9NH7_ensemble_seed001,H3,16.382
9NH7,ensemble,9NH7_ensemble_seed002,H1,3.615
9NH7,ensemble,9NH7_ensemble_seed002,H2,1.698
9NH7,ensemble,9NH7_ensemble_seed002,H3,1.076
9NH7,ensemble,9NH7_ensemble_seed003,H1,2.491
9NH7,ensemble,9NH7_ensemble_seed003,H2,2.931
9NH7,ensemble,9NH7_ensemble_seed003,H3,5.659
9NH7,ensemble,9NH7_ensemble_seed004,H1,4.709
9NH7,ensemble,9NH7_ensemble_seed004,H2,2.915
9NH7,ensemble,9NH7_ensemble_seed004,H3,2.016
9NH7,ensemble,9NH7_ensemble_seed005,H1,5.007
9NH7,ensemble,9NH7_ensemble_seed005,H2,3.1
9NH7,ensemble,9NH7_ensemble_seed005,H3,4.599
9NH7,ensemble,9NH7_ensemble_seed006,H1,5.319
9NH7,ensemble,9NH7_ensemble_seed006,H2,2.86
9NH7,ensemble,9NH7_ensemble_seed006,H3,2.438
9NH7,ensemble,9NH7_ensemble_seed007,H1,5.173
9NH7,ensemble,9NH7_ensemble_seed007,H2,2.906
9NH7,ensemble,9NH7_ensemble_seed007,H3,11.73
9NH7,ensemble,9NH7_ensemble_seed008,H1,5.3
9NH7,ensemble,9NH7_ensemble_seed008,H2,2.77
9NH7,ensemble,9NH7_ensemble_seed008,H3,11.444
9NH7,ensemble,9NH7_ensemble_seed009,H1,5.515
9NH7,ensemble,9NH7_ensemble_seed009,H2,2.792
9NH7,ensemble,9NH7_ensemble_seed009,H3,12.423
9NH7,ensemble,9NH7_ensemble_seed010,H1,3.329
9NH7,ensemble,9NH7_ensemble_seed010,H2,1.148
9NH7,ensemble,9NH7_ensemble_seed010,H3,4.776
9NH7,ensemble,9NH7_ensemble_seed011,H1,5.295
9NH7,ensemble,9NH7_ensemble_seed011,H2,2.887
9NH7,ensemble,9NH7_ensemble_seed011,H3,11.861
9NH7,ensemble,9NH7_ensemble_seed012,H1,5.081
9NH7,ensemble,9NH7_ensemble_seed012,H2,2.678
9NH7,ensemble,9NH7_ensemble_seed012,H3,12.68
9NH7,ensemble,9NH7_ensemble_seed013,H1,5.297
9NH7,ensemble,9NH7_ensemble_seed013,H2,2.711
9NH7,ensemble,9NH7_ensemble_seed013,H3,11.083
9NH7,ensemble,9NH7_ensemble_seed014,H1,3.463
9NH7,ensemble,9NH7_ensemble_seed014,H2,2.784
9NH7,ensemble,9NH7_ensemble_seed014,H3,11.158
9NH7,ensemble,9NH7_ensemble_seed015,H1,5.128
9NH7,ensemble,9NH7_ensemble_seed015,H2,2.582
9NH7,ensemble,9NH7_ensemble_seed015,H3,1.067
9NH7,ensemble,9NH7_ensemble_seed016,H1,4.021
9NH7,ensemble,9NH7_ensemble_seed016,H2,2.751
9NH7,ensemble,9NH7_ensemble_seed016,H3,13.21
9NH7,ensemble,9NH7_ensemble_seed017,H1,5.321
9NH7,ensemble,9NH7_ensemble_seed017,H2,2.809
9NH7,ensemble,9NH7_ensemble_seed017,H3,11.338
9NH7,ensemble,9NH7_ensemble_seed018,H1,4.691
9NH7,ensemble,9NH7_ensemble_seed018,H2,2.893
9NH7,ensemble,9NH7_ensemble_seed018,H3,0.755
9NH7,ensemble,9NH7_ensemble_seed019,H1,3.621
9NH7,ensemble,9NH7_ensemble_seed019,H2,2.833
9NH7,ensemble,9NH7_ensemble_seed019,H3,13.14
9NH7,ensemble,9NH7_ensemble_seed020,H1,5.42
9NH7,ensemble,9NH7_ensemble_seed020,H2,1.145
9NH7,ensemble,9NH7_ensemble_seed020,H3,7.753
9NH7,ensemble,9NH7_ensemble_seed021,H1,5.22
9NH7,ensemble,9NH7_ensemble_seed021,H2,2.666
9NH7,ensemble,9NH7_ensemble_seed021,H3,12.014
9NH7,ensemble,9NH7_ensemble_seed022,H1,5.304
9NH7,ensemble,9NH7_ensemble_seed022,H2,2.829
9NH7,ensemble,9NH7_ensemble_seed022,H3,12.449
9NH7,ensemble,9NH7_ensemble_seed023,H1,4.452
9NH7,ensemble,9NH7_ensemble_seed023,H2,3.105
9NH7,ensemble,9NH7_ensemble_seed023,H3,0.868
9NH7,ensemble,9NH7_ensemble_seed024,H1,2.926
9NH7,ensemble,9NH7_ensemble_seed024,H2,2.84
9NH7,ensemble,9NH7_ensemble_seed024,H3,1.437
9NH7,ensemble,9NH7_ensemble_seed025,H1,5.218
9NH7,ensemble,9NH7_ensemble_seed025,H2,2.834
9NH7,ensemble,9NH7_ensemble_seed025,H3,12.273
9NH7,ensemble,9NH7_ensemble_seed026,H1,4.723
9NH7,ensemble,9NH7_ensemble_seed026,H2,2.982
9NH7,ensemble,9NH7_ensemble_seed026,H3,4.087
9NH7,ensemble,9NH7_ensemble_seed027,H1,5.275
9NH7,ensemble,9NH7_ensemble_seed027,H2,2.971
9NH7,ensemble,9NH7_ensemble_seed027,H3,12.771
9NH7,ensemble,9NH7_ensemble_seed028,H1,3.151
9NH7,ensemble,9NH7_ensemble_seed028,H2,1.208
9NH7,ensemble,9NH7_ensemble_seed028,H3,12.661
9NH7,ensemble,9NH7_ensemble_seed029,H1,3.64
9NH7,ensemble,9NH7_ensemble_seed029,H2,2.804
9NH7,ensemble,9NH7_ensemble_seed029,H3,13.041
9NH7,ensemble,9NH7_ensemble_seed030,H1,5.095
9NH7,ensemble,9NH7_ensemble_seed030,H2,2.883
9NH7,ensemble,9NH7_ensemble_seed030,H3,4.226
9NH7,ensemble,9NH7_ensemble_seed031,H1,4.524
9NH7,ensemble,9NH7_ensemble_seed031,H2,2.964
9NH7,ensemble,9NH7_ensemble_seed031,H3,12.81
9NH7,ensemble,9NH7_ensemble_seed032,H1,5.557
9NH7,ensemble,9NH7_ensemble_seed032,H2,2.823
9NH7,ensemble,9NH7_ensemble_seed032,H3,8.758
9NH7,ensemble,9NH7_ensemble_seed033,H1,4.395
9NH7,ensemble,9NH7_ensemble_seed033,H2,2.887
9NH7,ensemble,9NH7_ensemble_seed033,H3,12.611
9NH7,ensemble,9NH7_ensemble_seed034,H1,2.852
9NH7,ensemble,9NH7_ensemble_seed034,H2,1.076
9NH7,ensemble,9NH7_ensemble_seed034,H3,1.072
9NH7,ensemble,9NH7_ensemble_seed035,H1,3.213
9NH7,ensemble,9NH7_ensemble_seed035,H2,1.008
9NH7,ensemble,9NH7_ensemble_seed035,H3,4.879
9NH7,ensemble,9NH7_ensemble_seed036,H1,5.541
9NH7,ensemble,9NH7_ensemble_seed036,H2,2.799
9NH7,ensemble,9NH7_ensemble_seed036,H3,1.159
9NH7,ensemble,9NH7_ensemble_seed037,H1,3.449
9NH7,ensemble,9NH7_ensemble_seed037,H2,2.952
9NH7,ensemble,9NH7_ensemble_seed037,H3,12.178
9NH7,ensemble,9NH7_ensemble_seed038,H1,5.169
9NH7,ensemble,9NH7_ensemble_seed038,H2,2.867
9NH7,ensemble,9NH7_ensemble_seed038,H3,12.431
9NH7,ensemble,9NH7_ensemble_seed039,H1,5.172
9NH7,ensemble,9NH7_ensemble_seed039,H2,2.696
9NH7,ensemble,9NH7_ensemble_seed039,H3,7.907
9NH7,ensemble,9NH7_ensemble_seed040,H1,3.56
9NH7,ensemble,9NH7_ensemble_seed040,H2,2.952
9NH7,ensemble,9NH7_ensemble_seed040,H3,10.762
9NH7,ensemble,9NH7_ensemble_seed041,H1,5.273
9NH7,ensemble,9NH7_ensemble_seed041,H2,2.865
9NH7,ensemble,9NH7_ensemble_seed041,H3,12.241
9NH7,ensemble,9NH7_ensemble_seed042,H1,3.745
9NH7,ensemble,9NH7_ensemble_seed042,H2,2.722
9NH7,ensemble,9NH7_ensemble_seed042,H3,1.178
9NH7,ensemble,9NH7_ensemble_seed043,H1,5.203
9NH7,ensemble,9NH7_ensemble_seed043,H2,2.45
9NH7,ensemble,9NH7_ensemble_seed043,H3,1.164
9NH7,ensemble,9NH7_ensemble_seed044,H1,3.352
9NH7,ensemble,9NH7_ensemble_seed044,H2,1.35
9NH7,ensemble,9NH7_ensemble_seed044,H3,10.281
9NH7,ensemble,9NH7_ensemble_seed045,H1,3.514
9NH7,ensemble,9NH7_ensemble_seed045,H2,2.601
9NH7,ensemble,9NH7_ensemble_seed045,H3,1.084
9NH7,ensemble,9NH7_ensemble_seed046,H1,3.598
9NH7,ensemble,9NH7_ensemble_seed046,H2,2.376
9NH7,ensemble,9NH7_ensemble_seed046,H3,13.403
9NH7,ensemble,9NH7_ensemble_seed047,H1,5.169
9NH7,ensemble,9NH7_ensemble_seed047,H2,2.745
9NH7,ensemble,9NH7_ensemble_seed047,H3,0.643
9NH7,ensemble,9NH7_ensemble_seed048,H1,5.063
9NH7,ensemble,9NH7_ensemble_seed048,H2,2.872
9NH7,ensemble,9NH7_ensemble_seed048,H3,12.12
9NH7,ensemble,9NH7_ensemble_seed049,H1,3.352
9NH7,ensemble,9NH7_ensemble_seed049,H2,2.921
9NH7,ensemble,9NH7_ensemble_seed049,H3,1.318
9NH7,ensemble,9NH7_ensemble_seed050,H1,5.205
9NH7,ensemble,9NH7_ensemble_seed050,H2,2.795
9NH7,ensemble,9NH7_ensemble_seed050,H3,12.262
9NH7,ensemble,9NH7_ensemble_seed051,H1,3.699
9NH7,ensemble,9NH7_ensemble_seed051,H2,2.835
9NH7,ensemble,9NH7_ensemble_seed051,H3,12.144
9NH7,ensemble,9NH7_ensemble_seed052,H1,3.52
9NH7,ensemble,9NH7_ensemble_seed052,H2,3.213
9NH7,ensemble,9NH7_ensemble_seed052,H3,12.562
9NH7,ensemble,9NH7_ensemble_seed053,H1,4.762
9NH7,ensemble,9NH7_ensemble_seed053,H2,2.722
9NH7,ensemble,9NH7_ensemble_seed053,H3,0.891
9NH7,ensemble,9NH7_ensemble_seed054,H1,5.116
9NH7,ensemble,9NH7_ensemble_seed054,H2,2.671
9NH7,ensemble,9NH7_ensemble_seed054,H3,12.465
9NH7,ensemble,9NH7_ensemble_seed055,H1,4.676
9NH7,ensemble,9NH7_ensemble_seed055,H2,2.847
9NH7,ensemble,9NH7_ensemble_seed055,H3,9.666
9NH7,ensemble,9NH7_ensemble_seed056,H1,5.168
9NH7,ensemble,9NH7_ensemble_seed056,H2,4.289
9NH7,ensemble,9NH7_ensemble_seed056,H3,10.402
9NH7,ensemble,9NH7_ensemble_seed057,H1,5.371
9NH7,ensemble,9NH7_ensemble_seed057,H2,3.049
9NH7,ensemble,9NH7_ensemble_seed057,H3,12.759
9NH7,ensemble,9NH7_ensemble_seed058,H1,3.414
9NH7,ensemble,9NH7_ensemble_seed058,H2,1.994
9NH7,ensemble,9NH7_ensemble_seed058,H3,13.267
9NH7,ensemble,9NH7_ensemble_seed059,H1,5.204
9NH7,ensemble,9NH7_ensemble_seed059,H2,2.849
9NH7,ensemble,9NH7_ensemble_seed059,H3,12.404
9NH7,ensemble,9NH7_ensemble_seed060,H1,5.273
9NH7,ensemble,9NH7_ensemble_seed060,H2,2.798
9NH7,ensemble,9NH7_ensemble_seed060,H3,12.156
9NH7,ensemble,9NH7_ensemble_seed061,H1,4.53
9NH7,ensemble,9NH7_ensemble_seed061,H2,1.107
9NH7,ensemble,9NH7_ensemble_seed061,H3,10.45
9NH7,ensemble,9NH7_ensemble_seed062,H1,3.696
9NH7,ensemble,9NH7_ensemble_seed062,H2,2.902
9NH7,ensemble,9NH7_ensemble_seed062,H3,1.18
9NH7,ensemble,9NH7_ensemble_seed063,H1,5.273
9NH7,ensemble,9NH7_ensemble_seed063,H2,2.687
9NH7,ensemble,9NH7_ensemble_seed063,H3,11.274
9NH7,ensemble,9NH7_ensemble_seed064,H1,5.286
9NH7,ensemble,9NH7_ensemble_seed064,H2,2.892
9NH7,ensemble,9NH7_ensemble_seed064,H3,11.314
9NH7,ensemble,9NH7_ensemble_seed065,H1,5.225
9NH7,ensemble,9NH7_ensemble_seed065,H2,2.618
9NH7,ensemble,9NH7_ensemble_seed065,H3,1.323
9NH7,ensemble,9NH7_ensemble_seed066,H1,5.062
9NH7,ensemble,9NH7_ensemble_seed066,H2,2.782
9NH7,ensemble,9NH7_ensemble_seed066,H3,1.297
9NH7,ensemble,9NH7_ensemble_seed067,H1,3.062
9NH7,ensemble,9NH7_ensemble_seed067,H2,2.734
9NH7,ensemble,9NH7_ensemble_seed067,H3,1.786
9NH7,ensemble,9NH7_ensemble_seed068,H1,3.418
9NH7,ensemble,9NH7_ensemble_seed068,H2,1.058
9NH7,ensemble,9NH7_ensemble_seed068,H3,13.298
9NH7,ensemble,9NH7_ensemble_seed069,H1,3.359
9NH7,ensemble,9NH7_ensemble_seed069,H2,2.797
9NH7,ensemble,9NH7_ensemble_seed069,H3,12.001
9NH7,ensemble,9NH7_ensemble_seed070,H1,4.16
9NH7,ensemble,9NH7_ensemble_seed070,H2,2.267
9NH7,ensemble,9NH7_ensemble_seed070,H3,10.785
9NH7,ensemble,9NH7_ensemble_seed071,H1,5.49
9NH7,ensemble,9NH7_ensemble_seed071,H2,2.84
9NH7,ensemble,9NH7_ensemble_seed071,H3,13.484
9NH7,ensemble,9NH7_ensemble_seed072,H1,4.797
9NH7,ensemble,9NH7_ensemble_seed072,H2,2.868
9NH7,ensemble,9NH7_ensemble_seed072,H3,5.544
9NH7,ensemble,9NH7_ensemble_seed073,H1,3.975
9NH7,ensemble,9NH7_ensemble_seed073,H2,4.382
9NH7,ensemble,9NH7_ensemble_seed073,H3,10.99
9NH7,ensemble,9NH7_ensemble_seed074,H1,5.156
9NH7,ensemble,9NH7_ensemble_seed074,H2,2.613
9NH7,ensemble,9NH7_ensemble_seed074,H3,11.215
9NH7,ensemble,9NH7_ensemble_seed075,H1,5.284
9NH7,ensemble,9NH7_ensemble_seed075,H2,3.1
9NH7,ensemble,9NH7_ensemble_seed075,H3,12.35
9NH7,ensemble,9NH7_ensemble_seed076,H1,3.271
9NH7,ensemble,9NH7_ensemble_seed076,H2,2.467
9NH7,ensemble,9NH7_ensemble_seed076,H3,8.022
9NH7,ensemble,9NH7_ensemble_seed077,H1,5.336
9NH7,ensemble,9NH7_ensemble_seed077,H2,3.025
9NH7,ensemble,9NH7_ensemble_seed077,H3,11.478
9NH7,ensemble,9NH7_ensemble_seed078,H1,5.17
9NH7,ensemble,9NH7_ensemble_seed078,H2,2.844
9NH7,ensemble,9NH7_ensemble_seed078,H3,10.063
9NH7,ensemble,9NH7_ensemble_seed079,H1,3.208
9NH7,ensemble,9NH7_ensemble_seed079,H2,0.977
9NH7,ensemble,9NH7_ensemble_seed079,H3,0.827
9NH7,ensemble,9NH7_ensemble_seed080,H1,3.479
9NH7,ensemble,9NH7_ensemble_seed080,H2,2.933
9NH7,ensemble,9NH7_ensemble_seed080,H3,11.947
9NH7,ensemble,9NH7_ensemble_seed081,H1,5.245
9NH7,ensemble,9NH7_ensemble_seed081,H2,2.901
9NH7,ensemble,9NH7_ensemble_seed081,H3,10.179
9NH7,ensemble,9NH7_ensemble_seed082,H1,3.352
9NH7,ensemble,9NH7_ensemble_seed082,H2,2.92
9NH7,ensemble,9NH7_ensemble_seed082,H3,1.281
9NH7,ensemble,9NH7_ensemble_seed083,H1,3.503
9NH7,ensemble,9NH7_ensemble_seed083,H2,2.973
9NH7,ensemble,9NH7_ensemble_seed083,H3,0.986
9NH7,ensemble,9NH7_ensemble_seed084,H1,4.225
9NH7,ensemble,9NH7_ensemble_seed084,H2,2.925
9NH7,ensemble,9NH7_ensemble_seed084,H3,13.069
9NH7,ensemble,9NH7_ensemble_seed085,H1,5.272
9NH7,ensemble,9NH7_ensemble_seed085,H2,2.896
9NH7,ensemble,9NH7_ensemble_seed085,H3,12.228
9NH7,ensemble,9NH7_ensemble_seed086,H1,6.223
9NH7,ensemble,9NH7_ensemble_seed086,H2,3.087
9NH7,ensemble,9NH7_ensemble_seed086,H3,12.026
9NH7,ensemble,9NH7_ensemble_seed087,H1,4.525
9NH7,ensemble,9NH7_ensemble_seed087,H2,2.991
9NH7,ensemble,9NH7_ensemble_seed087,H3,1.7
9NH7,ensemble,9NH7_ensemble_seed088,H1,3.482
9NH7,ensemble,9NH7_ensemble_seed088,H2,2.623
9NH7,ensemble,9NH7_ensemble_seed088,H3,10.192
9NH7,ensemble,9NH7_ensemble_seed089,H1,4.253
9NH7,ensemble,9NH7_ensemble_seed089,H2,2.893
9NH7,ensemble,9NH7_ensemble_seed089,H3,2.247
9NH7,ensemble,9NH7_ensemble_seed090,H1,3.578
9NH7,ensemble,9NH7_ensemble_seed090,H2,2.88
9NH7,ensemble,9NH7_ensemble_seed090,H3,12.879
9NH7,ensemble,9NH7_ensemble_seed091,H1,3.519
9NH7,ensemble,9NH7_ensemble_seed091,H2,2.056
9NH7,ensemble,9NH7_ensemble_seed091,H3,13.433
9NH7,ensemble,9NH7_ensemble_seed092,H1,5.083
9NH7,ensemble,9NH7_ensemble_seed092,H2,2.566
9NH7,ensemble,9NH7_ensemble_seed092,H3,8.035
9NH7,ensemble,9NH7_ensemble_seed093,H1,5.176
9NH7,ensemble,9NH7_ensemble_seed093,H2,2.484
9NH7,ensemble,9NH7_ensemble_seed093,H3,0.937
9NH7,ensemble,9NH7_ensemble_seed094,H1,5.124
9NH7,ensemble,9NH7_ensemble_seed094,H2,2.667
9NH7,ensemble,9NH7_ensemble_seed094,H3,12.48
9NH7,ensemble,9NH7_ensemble_seed095,H1,5.102
9NH7,ensemble,9NH7_ensemble_seed095,H2,2.645
9NH7,ensemble,9NH7_ensemble_seed095,H3,7.778
9NH7,ensemble,9NH7_ensemble_seed096,H1,3.933
9NH7,ensemble,9NH7_ensemble_seed096,H2,2.914
9NH7,ensemble,9NH7_ensemble_seed096,H3,13.024
9NH7,ensemble,9NH7_ensemble_seed097,H1,5.286
9NH7,ensemble,9NH7_ensemble_seed097,H2,2.889
9NH7,ensemble,9NH7_ensemble_seed097,H3,11.535
9NH7,ensemble,9NH7_ensemble_seed098,H1,4.655
9NH7,ensemble,9NH7_ensemble_seed098,H2,2.706
9NH7,ensemble,9NH7_ensemble_seed098,H3,1.103
9NH7,ensemble,9NH7_ensemble_seed099,H1,5.167
9NH7,ensemble,9NH7_ensemble_seed099,H2,2.824
9NH7,ensemble,9NH7_ensemble_seed099,H3,12.228
9NFU,baseline,9NFU_baseline_001,H1,1.442
9NFU,baseline,9NFU_baseline_001,H2,1.444
9NFU,baseline,9NFU_baseline_001,H3,3.488
9NFU,baseline,9NFU_baseline_001,L1,1.902
9NFU,baseline,9NFU_baseline_001,L2,2.371
9NFU,baseline,9NFU_baseline_001,L3,1.147
9NFU,baseline,9NFU_baseline_002,H1,1.545
9NFU,baseline,9NFU_baseline_002,H2,1.592
9NFU,baseline,9NFU_baseline_002,H3,2.723
9NFU,baseline,9NFU_baseline_002,L1,1.851
9NFU,baseline,9NFU_baseline_002,L2,2.321
9NFU,baseline,9NFU_baseline_002,L3,1.028
9NFU,baseline,9NFU_baseline_003,H1,1.632
9NFU,baseline,9NFU_baseline_003,H2,1.595
9NFU,baseline,9NFU_baseline_003,H3,2.531
9NFU,baseline,9NFU_baseline_003,L1,2.257
9NFU,baseline,9NFU_baseline_003,L2,2.414
9NFU,baseline,9NFU_baseline_003,L3,0.98
9NFU,baseline,9NFU_baseline_004,H1,1.635
9NFU,baseline,9NFU_baseline_004,H2,1.793
9NFU,baseline,9NFU_baseline_004,H3,2.43
9NFU,baseline,9NFU_baseline_004,L1,2.078
9NFU,baseline,9NFU_baseline_004,L2,2.947
9NFU,baseline,9NFU_baseline_004,L3,0.789
9NFU,baseline,9NFU_baseline_005,H1,1.618
9NFU,baseline,9NFU_baseline_005,H2,1.629
9NFU,baseline,9NFU_baseline_005,H3,2.475
9NFU,baseline,9NFU_baseline_005,L1,2.02
9NFU,baseline,9NFU_baseline_005,L2,2.639
9NFU,baseline,9NFU_baseline_005,L3,0.868
9NFU,baseline,9NFU_baseline_006,H1,1.493
9NFU,baseline,9NFU_baseline_006,H2,1.443
9NFU,baseline,9NFU_baseline_006,H3,2.264
9NFU,baseline,9NFU_baseline_006,L1,2.084
9NFU,baseline,9NFU_baseline_006,L2,2.603
9NFU,baseline,9NFU_baseline_006,L3,0.845
9NFU,baseline,9NFU_baseline_007,H1,1.41
9NFU,baseline,9NFU_baseline_007,H2,1.336
9NFU,baseline,9NFU_baseline_007,H3,2.773
9NFU,baseline,9NFU_baseline_007,L1,1.968
9NFU,baseline,9NFU_baseline_007,L2,2.488
9NFU,baseline,9NFU_baseline_007,L3,1.041
9NFU,baseline,9NFU_baseline_008,H1,1.49
9NFU,baseline,9NFU_baseline_008,H2,1.418
9NFU,baseline,9NFU_baseline_008,H3,2.387
9NFU,baseline,9NFU_baseline_008,L1,2.058
9NFU,baseline,9NFU_baseline_008,L2,2.61
9NFU,baseline,9NFU_baseline_008,L3,1.19
9NFU,baseline,9NFU_baseline_009,H1,1.397
9NFU,baseline,9NFU_baseline_009,H2,1.444
9NFU,baseline,9NFU_baseline_009,H3,2.319
9NFU,baseline,9NFU_baseline_009,L1,2.136
9NFU,baseline,9NFU_baseline_009,L2,2.664
9NFU,baseline,9NFU_baseline_009,L3,0.764
9NFU,baseline,9NFU_baseline_010,H1,1.686
9NFU,baseline,9NFU_baseline_010,H2,1.627
9NFU,baseline,9NFU_baseline_010,H3,2.37
9NFU,baseline,9NFU_baseline_010,L1,2.121
9NFU,baseline,9NFU_baseline_010,L2,2.724
9NFU,baseline,9NFU_baseline_010,L3,1.211
9NFU,baseline,9NFU_baseline_011,H1,1.508
9NFU,baseline,9NFU_baseline_011,H2,1.524
9NFU,baseline,9NFU_baseline_011,H3,2.58
9NFU,baseline,9NFU_baseline_011,L1,2.075
9NFU,baseline,9NFU_baseline_011,L2,2.49
9NFU,baseline,9NFU_baseline_011,L3,1.408
9NFU,baseline,9NFU_baseline_012,H1,1.373
9NFU,baseline,9NFU_baseline_012,H2,1.4
9NFU,baseline,9NFU_baseline_012,H3,3.098
9NFU,baseline,9NFU_baseline_012,L1,1.81
9NFU,baseline,9NFU_baseline_012,L2,2.31
9NFU,baseline,9NFU_baseline_012,L3,1.087
9NFU,baseline,9NFU_baseline_013,H1,1.583
9NFU,baseline,9NFU_baseline_013,H2,1.61
9NFU,baseline,9NFU_baseline_013,H3,2.606
9NFU,baseline,9NFU_baseline_013,L1,2.12
9NFU,baseline,9NFU_baseline_013,L2,2.456
9NFU,baseline,9NFU_baseline_013,L3,0.966
9NFU,baseline,9NFU_baseline_014,H1,1.507
9NFU,baseline,9NFU_baseline_014,H2,1.445
9NFU,baseline,9NFU_baseline_014,H3,2.525
9NFU,baseline,9NFU_baseline_014,L1,1.826
9NFU,baseline,9NFU_baseline_014,L2,2.269
9NFU,baseline,9NFU_baseline_014,L3,0.816
9NFU,baseline,9NFU_baseline_015,H1,1.252
9NFU,baseline,9NFU_baseline_015,H2,1.462
9NFU,baseline,9NFU_baseline_015,H3,2.43
9NFU,baseline,9NFU_baseline_015,L1,1.964
9NFU,baseline,9NFU_baseline_015,L2,2.741
9NFU,baseline,9NFU_baseline_015,L3,0.948
9NFU,baseline,9NFU_baseline_016,H1,1.563
9NFU,baseline,9NFU_baseline_016,H2,1.579
9NFU,baseline,9NFU_baseline_016,H3,2.784
9NFU,baseline,9NFU_baseline_016,L1,1.949
9NFU,baseline,9NFU_baseline_016,L2,2.903
9NFU,baseline,9NFU_baseline_016,L3,1.019
9NFU,baseline,9NFU_baseline_017,H1,1.29
9NFU,baseline,9NFU_baseline_017,H2,1.342
9NFU,baseline,9NFU_baseline_017,H3,2.372
9NFU,baseline,9NFU_baseline_017,L1,1.896
9NFU,baseline,9NFU_baseline_017,L2,2.374
9NFU,baseline,9NFU_baseline_017,L3,0.974
9NFU,baseline,9NFU_baseline_018,H1,1.506
9NFU,baseline,9NFU_baseline_018,H2,1.542
9NFU,baseline,9NFU_baseline_018,H3,2.87
9NFU,baseline,9NFU_baseline_018,L1,2.044
9NFU,baseline,9NFU_baseline_018,L2,2.604
9NFU,baseline,9NFU_baseline_018,L3,0.9
9NFU,baseline,9NFU_baseline_019,H1,1.302
9NFU,baseline,9NFU_baseline_019,H2,1.405
9NFU,baseline,9NFU_baseline_019,H3,2.442
9NFU,baseline,9NFU_baseline_019,L1,2.126
9NFU,baseline,9NFU_baseline_019,L2,2.304
9NFU,baseline,9NFU_baseline_019,L3,0.887
9NFU,baseline,9NFU_baseline_020,H1,1.498
9NFU,baseline,9NFU_baseline_020,H2,1.533
9NFU,baseline,9NFU_baseline_020,H3,2.22
9NFU,baseline,9NFU_baseline_020,L1,1.979
9NFU,baseline,9NFU_baseline_020,L2,2.392
9NFU,baseline,9NFU_baseline_020,L3,0.82
9NFU,baseline,9NFU_baseline_021,H1,1.343
9NFU,baseline,9NFU_baseline_021,H2,1.31
9NFU,baseline,9NFU_baseline_021,H3,2.367
9NFU,baseline,9NFU_baseline_021,L1,1.857
9NFU,baseline,9NFU_baseline_021,L2,2.24
9NFU,baseline,9NFU_baseline_021,L3,1.029
9NFU,baseline,9NFU_baseline_022,H1,1.553
9NFU,baseline,9NFU_baseline_022,H2,1.51
9NFU,baseline,9NFU_baseline_022,H3,2.262
9NFU,baseline,9NFU_baseline_022,L1,2.273
9NFU,baseline,9NFU_baseline_022,L2,2.588
9NFU,baseline,9NFU_baseline_022,L3,1.028
9NFU,baseline,9NFU_baseline_023,H1,1.626
9NFU,baseline,9NFU_baseline_023,H2,1.738
9NFU,baseline,9NFU_baseline_023,H3,2.331
9NFU,baseline,9NFU_baseline_023,L1,2.16
9NFU,baseline,9NFU_baseline_023,L2,2.607
9NFU,baseline,9NFU_baseline_023,L3,0.75
9NFU,baseline,9NFU_baseline_024,H1,1.604
9NFU,baseline,9NFU_baseline_024,H2,1.547
9NFU,baseline,9NFU_baseline_024,H3,2.963
9NFU,baseline,9NFU_baseline_024,L1,2.057
9NFU,baseline,9NFU_baseline_024,L2,2.182
9NFU,baseline,9NFU_baseline_024,L3,1.161
9NFU,baseline,9NFU_baseline_025,H1,1.463
9NFU,baseline,9NFU_baseline_025,H2,1.36
9NFU,baseline,9NFU_baseline_025,H3,3.057
9NFU,baseline,9NFU_baseline_025,L1,1.935
9NFU,baseline,9NFU_baseline_025,L2,2.398
9NFU,baseline,9NFU_baseline_025,L3,1.049
9NFU,baseline,9NFU_baseline_026,H1,1.327
9NFU,baseline,9NFU_baseline_026,H2,1.346
9NFU,baseline,9NFU_baseline_026,H3,2.288
9NFU,baseline,9NFU_baseline_026,L1,1.827
9NFU,baseline,9NFU_baseline_026,L2,2.656
9NFU,baseline,9NFU_baseline_026,L3,0.943
9NFU,baseline,9NFU_baseline_027,H1,1.366
9NFU,baseline,9NFU_baseline_027,H2,1.295
9NFU,baseline,9NFU_baseline_027,H3,2.39
9NFU,baseline,9NFU_baseline_027,L1,1.807
9NFU,baseline,9NFU_baseline_027,L2,2.252
9NFU,baseline,9NFU_baseline_027,L3,1.131
9NFU,baseline,9NFU_baseline_028,H1,1.526
9NFU,baseline,9NFU_baseline_028,H2,1.459
9NFU,baseline,9NFU_baseline_028,H3,2.85
9NFU,baseline,9NFU_baseline_028,L1,1.795
9NFU,baseline,9NFU_baseline_028,L2,2.689
9NFU,baseline,9NFU_baseline_028,L3,0.974
9NFU,baseline,9NFU_baseline_029,H1,1.367
9NFU,baseline,9NFU_baseline_029,H2,1.41
9NFU,baseline,9NFU_baseline_029,H3,2.453
9NFU,baseline,9NFU_baseline_029,L1,2.0
9NFU,baseline,9NFU_baseline_029,L2,2.815
9NFU,baseline,9NFU_baseline_029,L3,0.781
9NFU,baseline,9NFU_baseline_030,H1,1.279
9NFU,baseline,9NFU_baseline_030,H2,1.246
9NFU,baseline,9NFU_baseline_030,H3,2.381
9NFU,baseline,9NFU_baseline_030,L1,2.013
9NFU,baseline,9NFU_baseline_030,L2,2.274
9NFU,baseline,9NFU_baseline_030,L3,1.178
9NFU,baseline,9NFU_baseline_031,H1,1.724
9NFU,baseline,9NFU_baseline_031,H2,1.783
9NFU,baseline,9NFU_baseline_031,H3,2.335
9NFU,baseline,9NFU_baseline_031,L1,2.281
9NFU,baseline,9NFU_baseline_031,L2,2.779
9NFU,baseline,9NFU_baseline_031,L3,0.826
9NFU,baseline,9NFU_baseline_032,H1,1.424
9NFU,baseline,9NFU_baseline_032,H2,1.428
9NFU,baseline,9NFU_baseline_032,H3,3.032
9NFU,baseline,9NFU_baseline_032,L1,1.815
9NFU,baseline,9NFU_baseline_032,L2,2.578
9NFU,baseline,9NFU_baseline_032,L3,1.142
9NFU,baseline,9NFU_baseline_033,H1,1.363
9NFU,baseline,9NFU_baseline_033,H2,1.442
9NFU,baseline,9NFU_baseline_033,H3,2.521
9NFU,baseline,9NFU_baseline_033,L1,1.94
9NFU,baseline,9NFU_baseline_033,L2,2.404
9NFU,baseline,9NFU_baseline_033,L3,1.368
9NFU,baseline,9NFU_baseline_034,H1,1.462
9NFU,baseline,9NFU_baseline_034,H2,1.607
9NFU,baseline,9NFU_baseline_034,H3,2.967
9NFU,baseline,9NFU_baseline_034,L1,1.866
9NFU,baseline,9NFU_baseline_034,L2,2.363
9NFU,baseline,9NFU_baseline_034,L3,0.957
9NFU,baseline,9NFU_baseline_035,H1,1.74
9NFU,baseline,9NFU_baseline_035,H2,1.744
9NFU,baseline,9NFU_baseline_035,H3,2.51
9NFU,baseline,9NFU_baseline_035,L1,2.221
9NFU,baseline,9NFU_baseline_035,L2,2.515
9NFU,baseline,9NFU_baseline_035,L3,1.342
9NFU,baseline,9NFU_baseline_036,H1,1.354
9NFU,baseline,9NFU_baseline_036,H2,1.365
9NFU,baseline,9NFU_baseline_036,H3,2.499
9NFU,baseline,9NFU_baseline_036,L1,2.044
9NFU,baseline,9NFU_baseline_036,L2,2.246
9NFU,baseline,9NFU_baseline_036,L3,1.002
9NFU,baseline,9NFU_baseline_037,H1,1.774
9NFU,baseline,9NFU_baseline_037,H2,1.873
9NFU,baseline,9NFU_baseline_037,H3,2.959
9NFU,baseline,9NFU_baseline_037,L1,2.378
9NFU,baseline,9NFU_baseline_037,L2,2.598
9NFU,baseline,9NFU_baseline_037,L3,1.287
9NFU,baseline,9NFU_baseline_038,H1,1.481
9NFU,baseline,9NFU_baseline_038,H2,1.32
9NFU,baseline,9NFU_baseline_038,H3,3.389
9NFU,baseline,9NFU_baseline_038,L1,2.171
9NFU,baseline,9NFU_baseline_038,L2,2.539
9NFU,baseline,9NFU_baseline_038,L3,1.008
9NFU,baseline,9NFU_baseline_039,H1,1.5
9NFU,baseline,9NFU_baseline_039,H2,1.543
9NFU,baseline,9NFU_baseline_039,H3,2.312
9NFU,baseline,9NFU_baseline_039,L1,2.283
9NFU,baseline,9NFU_baseline_039,L2,2.463
9NFU,baseline,9NFU_baseline_039,L3,1.015
9NFU,baseline,9NFU_baseline_040,H1,1.589
9NFU,baseline,9NFU_baseline_040,H2,1.658
9NFU,baseline,9NFU_baseline_040,H3,2.52
9NFU,baseline,9NFU_baseline_040,L1,2.174
9NFU,baseline,9NFU_baseline_040,L2,2.414
9NFU,baseline,9NFU_baseline_040,L3,1.538
9NFU,baseline,9NFU_baseline_041,H1,1.3
9NFU,baseline,9NFU_baseline_041,H2,1.31
9NFU,baseline,9NFU_baseline_041,H3,2.368
9NFU,baseline,9NFU_baseline_041,L1,1.906
9NFU,baseline,9NFU_baseline_041,L2,2.277
9NFU,baseline,9NFU_baseline_041,L3,1.045
9NFU,baseline,9NFU_baseline_042,H1,1.522
9NFU,baseline,9NFU_baseline_042,H2,1.816
9NFU,baseline,9NFU_baseline_042,H3,2.418
9NFU,baseline,9NFU_baseline_042,L1,2.171
9NFU,baseline,9NFU_baseline_042,L2,2.348
9NFU,baseline,9NFU_baseline_042,L3,1.316
9NFU,baseline,9NFU_baseline_043,H1,1.527
9NFU,baseline,9NFU_baseline_043,H2,1.391
9NFU,baseline,9NFU_baseline_043,H3,3.018
9NFU,baseline,9NFU_baseline_043,L1,1.894
9NFU,baseline,9NFU_baseline_043,L2,2.476
9NFU,baseline,9NFU_baseline_043,L3,1.458
9NFU,baseline,9NFU_baseline_044,H1,1.483
9NFU,baseline,9NFU_baseline_044,H2,1.427
9NFU,baseline,9NFU_baseline_044,H3,2.916
9NFU,baseline,9NFU_baseline_044,L1,2.037
9NFU,baseline,9NFU_baseline_044,L2,2.55
9NFU,baseline,9NFU_baseline_044,L3,0.986
9NFU,baseline,9NFU_baseline_045,H1,1.472
9NFU,baseline,9NFU_baseline_045,H2,1.415
9NFU,baseline,9NFU_baseline_045,H3,3.06
9NFU,baseline,9NFU_baseline_045,L1,2.137
9NFU,baseline,9NFU_baseline_045,L2,2.291
9NFU,baseline,9NFU_baseline_045,L3,0.931
9NFU,baseline,9NFU_baseline_046,H1,1.427
9NFU,baseline,9NFU_baseline_046,H2,1.696
9NFU,baseline,9NFU_baseline_046,H3,2.582
9NFU,baseline,9NFU_baseline_046,L1,1.857
9NFU,baseline,9NFU_baseline_046,L2,2.535
9NFU,baseline,9NFU_baseline_046,L3,1.084
9NFU,baseline,9NFU_baseline_047,H1,1.397
9NFU,baseline,9NFU_baseline_047,H2,1.412
9NFU,baseline,9NFU_baseline_047,H3,3.162
9NFU,baseline,9NFU_baseline_047,L1,1.771
9NFU,baseline,9NFU_baseline_047,L2,2.223
9NFU,baseline,9NFU_baseline_047,L3,1.082
9NFU,baseline,9NFU_baseline_048,H1,1.375
9NFU,baseline,9NFU_baseline_048,H2,1.264
9NFU,baseline,9NFU_baseline_048,H3,3.396
9NFU,baseline,9NFU_baseline_048,L1,1.929
9NFU,baseline,9NFU_baseline_048,L2,2.225
9NFU,baseline,9NFU_baseline_048,L3,1.11
9NFU,baseline,9NFU_baseline_049,H1,1.434
9NFU,baseline,9NFU_baseline_049,H2,1.417
9NFU,baseline,9NFU_baseline_049,H3,3.056
9NFU,baseline,9NFU_baseline_049,L1,2.048
9NFU,baseline,9NFU_baseline_049,L2,2.18
9NFU,baseline,9NFU_baseline_049,L3,1.118
9NFU,baseline,9NFU_baseline_050,H1,1.507
9NFU,baseline,9NFU_baseline_050,H2,1.531
9NFU,baseline,9NFU_baseline_050,H3,2.187
9NFU,baseline,9NFU_baseline_050,L1,2.502
9NFU,baseline,9NFU_baseline_050,L2,2.537
9NFU,baseline,9NFU_baseline_050,L3,0.836
9NFU,baseline,9NFU_baseline_051,H1,1.577
9NFU,baseline,9NFU_baseline_051,H2,1.449
9NFU,baseline,9NFU_baseline_051,H3,2.69
9NFU,baseline,9NFU_baseline_051,L1,1.508
9NFU,baseline,9NFU_baseline_051,L2,2.467
9NFU,baseline,9NFU_baseline_051,L3,0.772
9NFU,baseline,9NFU_baseline_052,H1,1.415
9NFU,baseline,9NFU_baseline_052,H2,1.481
9NFU,baseline,9NFU_baseline_052,H3,2.416
9NFU,baseline,9NFU_baseline_052,L1,2.241
9NFU,baseline,9NFU_baseline_052,L2,2.488
9NFU,baseline,9NFU_baseline_052,L3,0.766
9NFU,baseline,9NFU_baseline_053,H1,1.438
9NFU,baseline,9NFU_baseline_053,H2,1.624
9NFU,baseline,9NFU_baseline_053,H3,2.293
9NFU,baseline,9NFU_baseline_053,L1,2.197
9NFU,baseline,9NFU_baseline_053,L2,2.497
9NFU,baseline,9NFU_baseline_053,L3,0.877
9NFU,baseline,9NFU_baseline_054,H1,1.568
9NFU,baseline,9NFU_baseline_054,H2,1.547
9NFU,baseline,9NFU_baseline_054,H3,2.372
9NFU,baseline,9NFU_baseline_054,L1,1.964
9NFU,baseline,9NFU_baseline_054,L2,2.601
9NFU,baseline,9NFU_baseline_054,L3,0.854
9NFU,baseline,9NFU_baseline_055,H1,1.392
9NFU,baseline,9NFU_baseline_055,H2,1.447
9NFU,baseline,9NFU_baseline_055,H3,2.42
9NFU,baseline,9NFU_baseline_055,L1,2.078
9NFU,baseline,9NFU_baseline_055,L2,2.868
9NFU,baseline,9NFU_baseline_055,L3,1.157
9NFU,baseline,9NFU_baseline_056,H1,1.492
9NFU,baseline,9NFU_baseline_056,H2,1.504
9NFU,baseline,9NFU_baseline_056,H3,2.396
9NFU,baseline,9NFU_baseline_056,L1,1.715
9NFU,baseline,9NFU_baseline_056,L2,2.325
9NFU,baseline,9NFU_baseline_056,L3,1.125
9NFU,baseline,9NFU_baseline_057,H1,1.432
9NFU,baseline,9NFU_baseline_057,H2,1.6
9NFU,baseline,9NFU_baseline_057,H3,3.158
9NFU,baseline,9NFU_baseline_057,L1,1.925
9NFU,baseline,9NFU_baseline_057,L2,2.398
9NFU,baseline,9NFU_baseline_057,L3,0.989
9NFU,baseline,9NFU_baseline_058,H1,1.438
9NFU,baseline,9NFU_baseline_058,H2,1.351
9NFU,baseline,9NFU_baseline_058,H3,2.781
9NFU,baseline,9NFU_baseline_058,L1,2.075
9NFU,baseline,9NFU_baseline_058,L2,2.311
9NFU,baseline,9NFU_baseline_058,L3,0.943
9NFU,baseline,9NFU_baseline_059,H1,1.539
9NFU,baseline,9NFU_baseline_059,H2,1.465
9NFU,baseline,9NFU_baseline_059,H3,2.855
9NFU,baseline,9NFU_baseline_059,L1,2.054
9NFU,baseline,9NFU_baseline_059,L2,2.69
9NFU,baseline,9NFU_baseline_059,L3,1.306
9NFU,baseline,9NFU_baseline_060,H1,1.403
9NFU,baseline,9NFU_baseline_060,H2,1.464
9NFU,baseline,9NFU_baseline_060,H3,2.225
9NFU,baseline,9NFU_baseline_060,L1,2.321
9NFU,baseline,9NFU_baseline_060,L2,2.485
9NFU,baseline,9NFU_baseline_060,L3,0.712
9NFU,baseline,9NFU_baseline_061,H1,1.598
9NFU,baseline,9NFU_baseline_061,H2,1.524
9NFU,baseline,9NFU_baseline_061,H3,3.371
9NFU,baseline,9NFU_baseline_061,L1,1.939
9NFU,baseline,9NFU_baseline_061,L2,2.399
9NFU,baseline,9NFU_baseline_061,L3,1.338
9NFU,baseline,9NFU_baseline_062,H1,1.401
9NFU,baseline,9NFU_baseline_062,H2,1.438
9NFU,baseline,9NFU_baseline_062,H3,2.781
9NFU,baseline,9NFU_baseline_062,L1,1.859
9NFU,baseline,9NFU_baseline_062,L2,2.379
9NFU,baseline,9NFU_baseline_062,L3,0.911
9NFU,baseline,9NFU_baseline_063,H1,1.336
9NFU,baseline,9NFU_baseline_063,H2,1.395
9NFU,baseline,9NFU_baseline_063,H3,2.42
9NFU,baseline,9NFU_baseline_063,L1,2.013
9NFU,baseline,9NFU_baseline_063,L2,2.767
9NFU,baseline,9NFU_baseline_063,L3,0.812
9NFU,baseline,9NFU_baseline_064,H1,1.349
9NFU,baseline,9NFU_baseline_064,H2,1.338
9NFU,baseline,9NFU_baseline_064,H3,2.366
9NFU,baseline,9NFU_baseline_064,L1,2.253
9NFU,baseline,9NFU_baseline_064,L2,2.498
9NFU,baseline,9NFU_baseline_064,L3,0.918
9NFU,baseline,9NFU_baseline_065,H1,1.588
9NFU,baseline,9NFU_baseline_065,H2,1.795
9NFU,baseline,9NFU_baseline_065,H3,2.093
9NFU,baseline,9NFU_baseline_065,L1,2.334
9NFU,baseline,9NFU_baseline_065,L2,2.568
9NFU,baseline,9NFU_baseline_065,L3,0.934
9NFU,baseline,9NFU_baseline_066,H1,1.321
9NFU,baseline,9NFU_baseline_066,H2,1.323
9NFU,baseline,9NFU_baseline_066,H3,2.317
9NFU,baseline,9NFU_baseline_066,L1,1.804
9NFU,baseline,9NFU_baseline_066,L2,2.192
9NFU,baseline,9NFU_baseline_066,L3,1.132
9NFU,baseline,9NFU_baseline_067,H1,1.365
9NFU,baseline,9NFU_baseline_067,H2,1.345
9NFU,baseline,9NFU_baseline_067,H3,2.916
9NFU,baseline,9NFU_baseline_067,L1,2.092
9NFU,baseline,9NFU_baseline_067,L2,2.734
9NFU,baseline,9NFU_baseline_067,L3,0.796
9NFU,baseline,9NFU_baseline_068,H1,1.367
9NFU,baseline,9NFU_baseline_068,H2,1.518
9NFU,baseline,9NFU_baseline_068,H3,2.945
9NFU,baseline,9NFU_baseline_068,L1,1.975
9NFU,baseline,9NFU_baseline_068,L2,2.829
9NFU,baseline,9NFU_baseline_068,L3,1.142
9NFU,baseline,9NFU_baseline_069,H1,1.597
9NFU,baseline,9NFU_baseline_069,H2,1.603
9NFU,baseline,9NFU_baseline_069,H3,2.882
9NFU,baseline,9NFU_baseline_069,L1,1.983
9NFU,baseline,9NFU_baseline_069,L2,2.58
9NFU,baseline,9NFU_baseline_069,L3,0.827
9NFU,baseline,9NFU_baseline_070,H1,1.572
9NFU,baseline,9NFU_baseline_070,H2,1.651
9NFU,baseline,9NFU_baseline_070,H3,3.04
9NFU,baseline,9NFU_baseline_070,L1,1.952
9NFU,baseline,9NFU_baseline_070,L2,2.342
9NFU,baseline,9NFU_baseline_070,L3,1.022
9NFU,baseline,9NFU_baseline_071,H1,1.648
9NFU,baseline,9NFU_baseline_071,H2,1.657
9NFU,baseline,9NFU_baseline_071,H3,2.499
9NFU,baseline,9NFU_baseline_071,L1,2.064
9NFU,baseline,9NFU_baseline_071,L2,2.48
9NFU,baseline,9NFU_baseline_071,L3,0.959
9NFU,baseline,9NFU_baseline_072,H1,1.325
9NFU,baseline,9NFU_baseline_072,H2,1.318
9NFU,baseline,9NFU_baseline_072,H3,2.351
9NFU,baseline,9NFU_baseline_072,L1,2.039
9NFU,baseline,9NFU_baseline_072,L2,2.198
9NFU,baseline,9NFU_baseline_072,L3,1.093
9NFU,baseline,9NFU_baseline_073,H1,1.585
9NFU,baseline,9NFU_baseline_073,H2,1.636
9NFU,baseline,9NFU_baseline_073,H3,2.46
9NFU,baseline,9NFU_baseline_073,L1,2.143
9NFU,baseline,9NFU_baseline_073,L2,2.385
9NFU,baseline,9NFU_baseline_073,L3,1.042
9NFU,baseline,9NFU_baseline_074,H1,1.46
9NFU,baseline,9NFU_baseline_074,H2,1.304
9NFU,baseline,9NFU_baseline_074,H3,2.722
9NFU,baseline,9NFU_baseline_074,L1,2.119
9NFU,baseline,9NFU_baseline_074,L2,2.291
9NFU,baseline,9NFU_baseline_074,L3,1.07
9NFU,baseline,9NFU_baseline_075,H1,1.454
9NFU,baseline,9NFU_baseline_075,H2,1.559
9NFU,baseline,9NFU_baseline_075,H3,2.631
9NFU,baseline,9NFU_baseline_075,L1,2.122
9NFU,baseline,9NFU_baseline_075,L2,2.732
9NFU,baseline,9NFU_baseline_075,L3,0.789
9NFU,baseline,9NFU_baseline_076,H1,1.515
9NFU,baseline,9NFU_baseline_076,H2,1.614
9NFU,baseline,9NFU_baseline_076,H3,2.295
9NFU,baseline,9NFU_baseline_076,L1,1.777
9NFU,baseline,9NFU_baseline_076,L2,2.337
9NFU,baseline,9NFU_baseline_076,L3,0.985
9NFU,baseline,9NFU_baseline_077,H1,1.362
9NFU,baseline,9NFU_baseline_077,H2,1.357
9NFU,baseline,9NFU_baseline_077,H3,2.587
9NFU,baseline,9NFU_baseline_077,L1,2.095
9NFU,baseline,9NFU_baseline_077,L2,2.425
9NFU,baseline,9NFU_baseline_077,L3,1.144
9NFU,baseline,9NFU_baseline_078,H1,1.433
9NFU,baseline,9NFU_baseline_078,H2,1.427
9NFU,baseline,9NFU_baseline_078,H3,2.362
9NFU,baseline,9NFU_baseline_078,L1,2.183
9NFU,baseline,9NFU_baseline_078,L2,2.549
9NFU,baseline,9NFU_baseline_078,L3,0.765
9NFU,baseline,9NFU_baseline_079,H1,1.466
9NFU,baseline,9NFU_baseline_079,H2,1.402
9NFU,baseline,9NFU_baseline_079,H3,2.621
9NFU,baseline,9NFU_baseline_079,L1,2.056
9NFU,baseline,9NFU_baseline_079,L2,2.256
9NFU,baseline,9NFU_baseline_079,L3,1.12
9NFU,baseline,9NFU_baseline_080,H1,1.445
9NFU,baseline,9NFU_baseline_080,H2,1.44
9NFU,baseline,9NFU_baseline_080,H3,2.705
9NFU,baseline,9NFU_baseline_080,L1,1.813
9NFU,baseline,9NFU_baseline_080,L2,2.252
9NFU,baseline,9NFU_baseline_080,L3,1.377
9NFU,baseline,9NFU_baseline_081,H1,1.615
9NFU,baseline,9NFU_baseline_081,H2,1.559
9NFU,baseline,9NFU_baseline_081,H3,2.644
9NFU,baseline,9NFU_baseline_081,L1,2.077
9NFU,baseline,9NFU_baseline_081,L2,2.899
9NFU,baseline,9NFU_baseline_081,L3,1.045
9NFU,baseline,9NFU_baseline_082,H1,1.452
9NFU,baseline,9NFU_baseline_082,H2,1.47
9NFU,baseline,9NFU_baseline_082,H3,2.67
9NFU,baseline,9NFU_baseline_082,L1,2.118
9NFU,baseline,9NFU_baseline_082,L2,2.403
9NFU,baseline,9NFU_baseline_082,L3,0.909
9NFU,baseline,9NFU_baseline_083,H1,1.483
9NFU,baseline,9NFU_baseline_083,H2,1.447
9NFU,baseline,9NFU_baseline_083,H3,2.897
9NFU,baseline,9NFU_baseline_083,L1,2.316
9NFU,baseline,9NFU_baseline_083,L2,2.544
9NFU,baseline,9NFU_baseline_083,L3,0.708
9NFU,baseline,9NFU_baseline_084,H1,1.418
9NFU,baseline,9NFU_baseline_084,H2,1.353
9NFU,baseline,9NFU_baseline_084,H3,2.37
9NFU,baseline,9NFU_baseline_084,L1,2.079
9NFU,baseline,9NFU_baseline_084,L2,2.237
9NFU,baseline,9NFU_baseline_084,L3,1.741
9NFU,baseline,9NFU_baseline_085,H1,1.429
9NFU,baseline,9NFU_baseline_085,H2,1.375
9NFU,baseline,9NFU_baseline_085,H3,3.124
9NFU,baseline,9NFU_baseline_085,L1,1.955
9NFU,baseline,9NFU_baseline_085,L2,2.453
9NFU,baseline,9NFU_baseline_085,L3,1.036
9NFU,baseline,9NFU_baseline_086,H1,1.628
9NFU,baseline,9NFU_baseline_086,H2,1.935
9NFU,baseline,9NFU_baseline_086,H3,2.442
9NFU,baseline,9NFU_baseline_086,L1,2.358
9NFU,baseline,9NFU_baseline_086,L2,2.659
9NFU,baseline,9NFU_baseline_086,L3,0.871
9NFU,baseline,9NFU_baseline_087,H1,1.46
9NFU,baseline,9NFU_baseline_087,H2,1.429
9NFU,baseline,9NFU_baseline_087,H3,2.693
9NFU,baseline,9NFU_baseline_087,L1,1.91
9NFU,baseline,9NFU_baseline_087,L2,2.47
9NFU,baseline,9NFU_baseline_087,L3,0.878
9NFU,baseline,9NFU_baseline_088,H1,1.532
9NFU,baseline,9NFU_baseline_088,H2,1.566
9NFU,baseline,9NFU_baseline_088,H3,3.097
9NFU,baseline,9NFU_baseline_088,L1,1.969
9NFU,baseline,9NFU_baseline_088,L2,2.415
9NFU,baseline,9NFU_baseline_088,L3,1.484
9NFU,baseline,9NFU_baseline_089,H1,1.488
9NFU,baseline,9NFU_baseline_089,H2,1.403
9NFU,baseline,9NFU_baseline_089,H3,2.225
9NFU,baseline,9NFU_baseline_089,L1,1.79
9NFU,baseline,9NFU_baseline_089,L2,2.225
9NFU,baseline,9NFU_baseline_089,L3,1.144
9NFU,baseline,9NFU_baseline_090,H1,1.474
9NFU,baseline,9NFU_baseline_090,H2,1.477
9NFU,baseline,9NFU_baseline_090,H3,2.542
9NFU,baseline,9NFU_baseline_090,L1,1.792
9NFU,baseline,9NFU_baseline_090,L2,2.654
9NFU,baseline,9NFU_baseline_090,L3,0.95
9NFU,baseline,9NFU_baseline_091,H1,1.442
9NFU,baseline,9NFU_baseline_091,H2,1.46
9NFU,baseline,9NFU_baseline_091,H3,3.081
9NFU,baseline,9NFU_baseline_091,L1,2.167
9NFU,baseline,9NFU_baseline_091,L2,2.298
9NFU,baseline,9NFU_baseline_091,L3,0.992
9NFU,baseline,9NFU_baseline_092,H1,1.396
9NFU,baseline,9NFU_baseline_092,H2,1.423
9NFU,baseline,9NFU_baseline_092,H3,2.337
9NFU,baseline,9NFU_baseline_092,L1,2.197
9NFU,baseline,9NFU_baseline_092,L2,2.449
9NFU,baseline,9NFU_baseline_092,L3,1.29
9NFU,baseline,9NFU_baseline_093,H1,1.487
9NFU,baseline,9NFU_baseline_093,H2,1.437
9NFU,baseline,9NFU_baseline_093,H3,2.266
9NFU,baseline,9NFU_baseline_093,L1,2.299
9NFU,baseline,9NFU_baseline_093,L2,2.446
9NFU,baseline,9NFU_baseline_093,L3,0.922
9NFU,baseline,9NFU_baseline_094,H1,1.505
9NFU,baseline,9NFU_baseline_094,H2,1.573
9NFU,baseline,9NFU_baseline_094,H3,2.307
9NFU,baseline,9NFU_baseline_094,L1,2.043
9NFU,baseline,9NFU_baseline_094,L2,2.321
9NFU,baseline,9NFU_baseline_094,L3,1.141
9NFU,baseline,9NFU_baseline_095,H1,1.329
9NFU,baseline,9NFU_baseline_095,H2,1.37
9NFU,baseline,9NFU_baseline_095,H3,2.292
9NFU,baseline,9NFU_baseline_095,L1,2.137
9NFU,baseline,9NFU_baseline_095,L2,2.313
9NFU,baseline,9NFU_baseline_095,L3,0.97
9NFU,baseline,9NFU_baseline_096,H1,1.406
9NFU,baseline,9NFU_baseline_096,H2,1.464
9NFU,baseline,9NFU_baseline_096,H3,2.407
9NFU,baseline,9NFU_baseline_096,L1,2.271
9NFU,baseline,9NFU_baseline_096,L2,2.376
9NFU,baseline,9NFU_baseline_096,L3,0.974
9NFU,baseline,9NFU_baseline_097,H1,1.38
9NFU,baseline,9NFU_baseline_097,H2,1.317
9NFU,baseline,9NFU_baseline_097,H3,2.477
9NFU,baseline,9NFU_baseline_097,L1,1.861
9NFU,baseline,9NFU_baseline_097,L2,2.391
9NFU,baseline,9NFU_baseline_097,L3,0.885
9NFU,baseline,9NFU_baseline_098,H1,1.371
9NFU,baseline,9NFU_baseline_098,H2,1.506
9NFU,baseline,9NFU_baseline_098,H3,2.501
9NFU,baseline,9NFU_baseline_098,L1,1.948
9NFU,baseline,9NFU_baseline_098,L2,2.449
9NFU,baseline,9NFU_baseline_098,L3,1.309
9NFU,baseline,9NFU_baseline_099,H1,1.479
9NFU,baseline,9NFU_baseline_099,H2,1.379
9NFU,baseline,9NFU_baseline_099,H3,3.005
9NFU,baseline,9NFU_baseline_099,L1,1.877
9NFU,baseline,9NFU_baseline_099,L2,2.229
9NFU,baseline,9NFU_baseline_099,L3,1.599
9NFU,baseline,9NFU_baseline_100,H1,1.432
9NFU,baseline,9NFU_baseline_100,H2,1.42
9NFU,baseline,9NFU_baseline_100,H3,2.486
9NFU,baseline,9NFU_baseline_100,L1,1.87
9NFU,baseline,9NFU_baseline_100,L2,2.252
9NFU,baseline,9NFU_baseline_100,L3,0.965
9NFU,ensemble,9NFU_ensemble_seed000,H1,1.705
9NFU,ensemble,9NFU_ensemble_seed000,H2,1.578
9NFU,ensemble,9NFU_ensemble_seed000,H3,3.317
9NFU,ensemble,9NFU_ensemble_seed000,L1,1.462
9NFU,ensemble,9NFU_ensemble_seed000,L2,3.613
9NFU,ensemble,9NFU_ensemble_seed000,L3,2.014
9NFU,ensemble,9NFU_ensemble_seed001,H1,1.939
9NFU,ensemble,9NFU_ensemble_seed001,H2,1.859
9NFU,ensemble,9NFU_ensemble_seed001,H3,4.949
9NFU,ensemble,9NFU_ensemble_seed001,L1,2.146
9NFU,ensemble,9NFU_ensemble_seed001,L2,4.017
9NFU,ensemble,9NFU_ensemble_seed001,L3,3.05
9NFU,ensemble,9NFU_ensemble_seed002,H1,1.772
9NFU,ensemble,9NFU_ensemble_seed002,H2,2.054
9NFU,ensemble,9NFU_ensemble_seed002,H3,4.663
9NFU,ensemble,9NFU_ensemble_seed002,L1,1.605
9NFU,ensemble,9NFU_ensemble_seed002,L2,2.991
9NFU,ensemble,9NFU_ensemble_seed002,L3,1.808
9NFU,ensemble,9NFU_ensemble_seed003,H1,1.959
9NFU,ensemble,9NFU_ensemble_seed003,H2,1.754
9NFU,ensemble,9NFU_ensemble_seed003,H3,4.93
9NFU,ensemble,9NFU_ensemble_seed003,L1,1.74
9NFU,ensemble,9NFU_ensemble_seed003,L2,3.783
9NFU,ensemble,9NFU_ensemble_seed003,L3,2.308
9NFU,ensemble,9NFU_ensemble_seed004,H1,1.964
9NFU,ensemble,9NFU_ensemble_seed004,H2,1.796
9NFU,ensemble,9NFU_ensemble_seed004,H3,3.52
9NFU,ensemble,9NFU_ensemble_seed004,L1,1.654
9NFU,ensemble,9NFU_ensemble_seed004,L2,3.084
9NFU,ensemble,9NFU_ensemble_seed004,L3,2.822
9NFU,ensemble,9NFU_ensemble_seed005,H1,1.853
9NFU,ensemble,9NFU_ensemble_seed005,H2,1.993
9NFU,ensemble,9NFU_ensemble_seed005,H3,4.79
9NFU,ensemble,9NFU_ensemble_seed005,L1,2.208
9NFU,ensemble,9NFU_ensemble_seed005,L2,7.342
9NFU,ensemble,9NFU_ensemble_seed005,L3,1.949
9NFU,ensemble,9NFU_ensemble_seed006,H1,1.82
9NFU,ensemble,9NFU_ensemble_seed006,H2,1.602
9NFU,ensemble,9NFU_ensemble_seed006,H3,4.704
9NFU,ensemble,9NFU_ensemble_seed006,L1,1.861
9NFU,ensemble,9NFU_ensemble_seed006,L2,4.099
9NFU,ensemble,9NFU_ensemble_seed006,L3,2.301
9NFU,ensemble,9NFU_ensemble_seed007,H1,1.843
9NFU,ensemble,9NFU_ensemble_seed007,H2,2.05
9NFU,ensemble,9NFU_ensemble_seed007,H3,4.964
9NFU,ensemble,9NFU_ensemble_seed007,L1,1.521
9NFU,ensemble,9NFU_ensemble_seed007,L2,3.715
9NFU,ensemble,9NFU_ensemble_seed007,L3,1.994
9NFU,ensemble,9NFU_ensemble_seed008,H1,2.96
9NFU,ensemble,9NFU_ensemble_seed008,H2,1.635
9NFU,ensemble,9NFU_ensemble_seed008,H3,4.802
9NFU,ensemble,9NFU_ensemble_seed008,L1,1.847
9NFU,ensemble,9NFU_ensemble_seed008,L2,3.99
9NFU,ensemble,9NFU_ensemble_seed008,L3,3.172
9NFU,ensemble,9NFU_ensemble_seed009,H1,3.156
9NFU,ensemble,9NFU_ensemble_seed009,H2,1.572
9NFU,ensemble,9NFU_ensemble_seed009,H3,4.636
9NFU,ensemble,9NFU_ensemble_seed009,L1,1.538
9NFU,ensemble,9NFU_ensemble_seed009,L2,4.129
9NFU,ensemble,9NFU_ensemble_seed009,L3,2.101
9NFU,ensemble,9NFU_ensemble_seed010,H1,3.137
9NFU,ensemble,9NFU_ensemble_seed010,H2,1.803
9NFU,ensemble,9NFU_ensemble_seed010,H3,3.965
9NFU,ensemble,9NFU_ensemble_seed010,L1,2.159
9NFU,ensemble,9NFU_ensemble_seed010,L2,6.231
9NFU,ensemble,9NFU_ensemble_seed010,L3,1.682
9NFU,ensemble,9NFU_ensemble_seed011,H1,2.233
9NFU,ensemble,9NFU_ensemble_seed011,H2,2.032
9NFU,ensemble,9NFU_ensemble_seed011,H3,4.223
9NFU,ensemble,9NFU_ensemble_seed011,L1,2.085
9NFU,ensemble,9NFU_ensemble_seed011,L2,4.34
9NFU,ensemble,9NFU_ensemble_seed011,L3,1.555
9NFU,ensemble,9NFU_ensemble_seed012,H1,3.18
9NFU,ensemble,9NFU_ensemble_seed012,H2,1.385
9NFU,ensemble,9NFU_ensemble_seed012,H3,3.29
9NFU,ensemble,9NFU_ensemble_seed012,L1,1.697
9NFU,ensemble,9NFU_ensemble_seed012,L2,3.809
9NFU,ensemble,9NFU_ensemble_seed012,L3,2.129
9NFU,ensemble,9NFU_ensemble_seed013,H1,2.117
9NFU,ensemble,9NFU_ensemble_seed013,H2,1.577
9NFU,ensemble,9NFU_ensemble_seed013,H3,3.582
9NFU,ensemble,9NFU_ensemble_seed013,L1,1.489
9NFU,ensemble,9NFU_ensemble_seed013,L2,3.843
9NFU,ensemble,9NFU_ensemble_seed013,L3,2.474
9NFU,ensemble,9NFU_ensemble_seed014,H1,1.931
9NFU,ensemble,9NFU_ensemble_seed014,H2,1.687
9NFU,ensemble,9NFU_ensemble_seed014,H3,4.633
9NFU,ensemble,9NFU_ensemble_seed014,L1,1.873
9NFU,ensemble,9NFU_ensemble_seed014,L2,3.105
9NFU,ensemble,9NFU_ensemble_seed014,L3,3.332
9NFU,ensemble,9NFU_ensemble_seed015,H1,2.702
9NFU,ensemble,9NFU_ensemble_seed015,H2,1.872
9NFU,ensemble,9NFU_ensemble_seed015,H3,2.935
9NFU,ensemble,9NFU_ensemble_seed015,L1,1.669
9NFU,ensemble,9NFU_ensemble_seed015,L2,4.004
9NFU,ensemble,9NFU_ensemble_seed015,L3,2.175
9NFU,ensemble,9NFU_ensemble_seed016,H1,1.843
9NFU,ensemble,9NFU_ensemble_seed016,H2,1.687
9NFU,ensemble,9NFU_ensemble_seed016,H3,4.599
9NFU,ensemble,9NFU_ensemble_seed016,L1,1.513
9NFU,ensemble,9NFU_ensemble_seed016,L2,3.778
9NFU,ensemble,9NFU_ensemble_seed016,L3,1.987
9NFU,ensemble,9NFU_ensemble_seed017,H1,2.267
9NFU,ensemble,9NFU_ensemble_seed017,H2,2.012
9NFU,ensemble,9NFU_ensemble_seed017,H3,4.239
9NFU,ensemble,9NFU_ensemble_seed017,L1,2.046
9NFU,ensemble,9NFU_ensemble_seed017,L2,7.18
9NFU,ensemble,9NFU_ensemble_seed017,L3,1.603
9NFU,ensemble,9NFU_ensemble_seed018,H1,1.83
9NFU,ensemble,9NFU_ensemble_seed018,H2,1.585
9NFU,ensemble,9NFU_ensemble_seed018,H3,4.878
9NFU,ensemble,9NFU_ensemble_seed018,L1,1.666
9NFU,ensemble,9NFU_ensemble_seed018,L2,6.857
9NFU,ensemble,9NFU_ensemble_seed018,L3,2.236
9NFU,ensemble,9NFU_ensemble_seed019,H1,1.8
9NFU,ensemble,9NFU_ensemble_seed019,H2,1.758
9NFU,ensemble,9NFU_ensemble_seed019,H3,4.319
9NFU,ensemble,9NFU_ensemble_seed019,L1,2.086
9NFU,ensemble,9NFU_ensemble_seed019,L2,5.587
9NFU,ensemble,9NFU_ensemble_seed019,L3,1.837
9NFU,ensemble,9NFU_ensemble_seed020,H1,1.925
9NFU,ensemble,9NFU_ensemble_seed020,H2,1.861
9NFU,ensemble,9NFU_ensemble_seed020,H3,4.86
9NFU,ensemble,9NFU_ensemble_seed020,L1,2.408
9NFU,ensemble,9NFU_ensemble_seed020,L2,4.305
9NFU,ensemble,9NFU_ensemble_seed020,L3,2.034
9NFU,ensemble,9NFU_ensemble_seed021,H1,1.925
9NFU,ensemble,9NFU_ensemble_seed021,H2,1.719
9NFU,ensemble,9NFU_ensemble_seed021,H3,4.111
9NFU,ensemble,9NFU_ensemble_seed021,L1,2.129
9NFU,ensemble,9NFU_ensemble_seed021,L2,6.491
9NFU,ensemble,9NFU_ensemble_seed021,L3,1.298
9NFU,ensemble,9NFU_ensemble_seed022,H1,1.874
9NFU,ensemble,9NFU_ensemble_seed022,H2,1.976
9NFU,ensemble,9NFU_ensemble_seed022,H3,3.773
9NFU,ensemble,9NFU_ensemble_seed022,L1,1.556
9NFU,ensemble,9NFU_ensemble_seed022,L2,3.948
9NFU,ensemble,9NFU_ensemble_seed022,L3,2.011
9NFU,ensemble,9NFU_ensemble_seed023,H1,2.017
9NFU,ensemble,9NFU_ensemble_seed023,H2,1.852
9NFU,ensemble,9NFU_ensemble_seed023,H3,4.37
9NFU,ensemble,9NFU_ensemble_seed023,L1,2.098
9NFU,ensemble,9NFU_ensemble_seed023,L2,6.189
9NFU,ensemble,9NFU_ensemble_seed023,L3,1.792
9NFU,ensemble,9NFU_ensemble_seed024,H1,3.091
9NFU,ensemble,9NFU_ensemble_seed024,H2,1.776
9NFU,ensemble,9NFU_ensemble_seed024,H3,4.01
9NFU,ensemble,9NFU_ensemble_seed024,L1,2.072
9NFU,ensemble,9NFU_ensemble_seed024,L2,3.213
9NFU,ensemble,9NFU_ensemble_seed024,L3,1.733
9NFU,ensemble,9NFU_ensemble_seed025,H1,2.143
9NFU,ensemble,9NFU_ensemble_seed025,H2,1.528
9NFU,ensemble,9NFU_ensemble_seed025,H3,5.01
9NFU,ensemble,9NFU_ensemble_seed025,L1,1.819
9NFU,ensemble,9NFU_ensemble_seed025,L2,4.02
9NFU,ensemble,9NFU_ensemble_seed025,L3,2.293
9NFU,ensemble,9NFU_ensemble_seed026,H1,2.016
9NFU,ensemble,9NFU_ensemble_seed026,H2,1.744
9NFU,ensemble,9NFU_ensemble_seed026,H3,4.299
9NFU,ensemble,9NFU_ensemble_seed026,L1,2.263
9NFU,ensemble,9NFU_ensemble_seed026,L2,6.596
9NFU,ensemble,9NFU_ensemble_seed026,L3,1.375
9NFU,ensemble,9NFU_ensemble_seed027,H1,2.785
9NFU,ensemble,9NFU_ensemble_seed027,H2,1.936
9NFU,ensemble,9NFU_ensemble_seed027,H3,4.926
9NFU,ensemble,9NFU_ensemble_seed027,L1,1.726
9NFU,ensemble,9NFU_ensemble_seed027,L2,3.925
9NFU,ensemble,9NFU_ensemble_seed027,L3,2.914
9NFU,ensemble,9NFU_ensemble_seed028,H1,4.373
9NFU,ensemble,9NFU_ensemble_seed028,H2,1.81
9NFU,ensemble,9NFU_ensemble_seed028,H3,3.794
9NFU,ensemble,9NFU_ensemble_seed028,L1,1.569
9NFU,ensemble,9NFU_ensemble_seed028,L2,3.954
9NFU,ensemble,9NFU_ensemble_seed028,L3,2.697
9NFU,ensemble,9NFU_ensemble_seed029,H1,2.792
9NFU,ensemble,9NFU_ensemble_seed029,H2,1.621
9NFU,ensemble,9NFU_ensemble_seed029,H3,4.864
9NFU,ensemble,9NFU_ensemble_seed029,L1,2.291
9NFU,ensemble,9NFU_ensemble_seed029,L2,7.094
9NFU,ensemble,9NFU_ensemble_seed029,L3,2.835
9NFU,ensemble,9NFU_ensemble_seed030,H1,3.061
9NFU,ensemble,9NFU_ensemble_seed030,H2,1.356
9NFU,ensemble,9NFU_ensemble_seed030,H3,4.591
9NFU,ensemble,9NFU_ensemble_seed030,L1,1.902
9NFU,ensemble,9NFU_ensemble_seed030,L2,3.133
9NFU,ensemble,9NFU_ensemble_seed030,L3,3.394
9NFU,ensemble,9NFU_ensemble_seed031,H1,1.65
9NFU,ensemble,9NFU_ensemble_seed031,H2,1.768
9NFU,ensemble,9NFU_ensemble_seed031,H3,4.605
9NFU,ensemble,9NFU_ensemble_seed031,L1,1.733
9NFU,ensemble,9NFU_ensemble_seed031,L2,3.748
9NFU,ensemble,9NFU_ensemble_seed031,L3,1.937
9NFU,ensemble,9NFU_ensemble_seed032,H1,2.757
9NFU,ensemble,9NFU_ensemble_seed032,H2,1.714
9NFU,ensemble,9NFU_ensemble_seed032,H3,3.358
9NFU,ensemble,9NFU_ensemble_seed032,L1,2.049
9NFU,ensemble,9NFU_ensemble_seed032,L2,6.157
9NFU,ensemble,9NFU_ensemble_seed032,L3,1.841
9NFU,ensemble,9NFU_ensemble_seed033,H1,1.883
9NFU,ensemble,9NFU_ensemble_seed033,H2,1.746
9NFU,ensemble,9NFU_ensemble_seed033,H3,2.471
9NFU,ensemble,9NFU_ensemble_seed033,L1,1.973
9NFU,ensemble,9NFU_ensemble_seed033,L2,4.509
9NFU,ensemble,9NFU_ensemble_seed033,L3,1.738
9NFU,ensemble,9NFU_ensemble_seed034,H1,1.783
9NFU,ensemble,9NFU_ensemble_seed034,H2,1.773
9NFU,ensemble,9NFU_ensemble_seed034,H3,3.727
9NFU,ensemble,9NFU_ensemble_seed034,L1,1.882
9NFU,ensemble,9NFU_ensemble_seed034,L2,7.292
9NFU,ensemble,9NFU_ensemble_seed034,L3,3.057
9NFU,ensemble,9NFU_ensemble_seed035,H1,1.831
9NFU,ensemble,9NFU_ensemble_seed035,H2,1.659
9NFU,ensemble,9NFU_ensemble_seed035,H3,4.329
9NFU,ensemble,9NFU_ensemble_seed035,L1,1.614
9NFU,ensemble,9NFU_ensemble_seed035,L2,3.718
9NFU,ensemble,9NFU_ensemble_seed035,L3,2.365
9NFU,ensemble,9NFU_ensemble_seed036,H1,2.086
9NFU,ensemble,9NFU_ensemble_seed036,H2,1.768
9NFU,ensemble,9NFU_ensemble_seed036,H3,4.376
9NFU,ensemble,9NFU_ensemble_seed036,L1,1.595
9NFU,ensemble,9NFU_ensemble_seed036,L2,2.93
9NFU,ensemble,9NFU_ensemble_seed036,L3,2.225
9NFU,ensemble,9NFU_ensemble_seed037,H1,2.915
9NFU,ensemble,9NFU_ensemble_seed037,H2,1.7
9NFU,ensemble,9NFU_ensemble_seed037,H3,4.492
9NFU,ensemble,9NFU_ensemble_seed037,L1,1.394
9NFU,ensemble,9NFU_ensemble_seed037,L2,2.899
9NFU,ensemble,9NFU_ensemble_seed037,L3,2.04
9NFU,ensemble,9NFU_ensemble_seed038,H1,2.922
9NFU,ensemble,9NFU_ensemble_seed038,H2,1.603
9NFU,ensemble,9NFU_ensemble_seed038,H3,4.666
9NFU,ensemble,9NFU_ensemble_seed038,L1,2.187
9NFU,ensemble,9NFU_ensemble_seed038,L2,7.216
9NFU,ensemble,9NFU_ensemble_seed038,L3,1.998
9NFU,ensemble,9NFU_ensemble_seed039,H1,1.949
9NFU,ensemble,9NFU_ensemble_seed039,H2,1.653
9NFU,ensemble,9NFU_ensemble_seed039,H3,4.984
9NFU,ensemble,9NFU_ensemble_seed039,L1,1.999
9NFU,ensemble,9NFU_ensemble_seed039,L2,3.762
9NFU,ensemble,9NFU_ensemble_seed039,L3,1.798
9NFU,ensemble,9NFU_ensemble_seed040,H1,1.791
9NFU,ensemble,9NFU_ensemble_seed040,H2,1.485
9NFU,ensemble,9NFU_ensemble_seed040,H3,4.516
9NFU,ensemble,9NFU_ensemble_seed040,L1,1.457
9NFU,ensemble,9NFU_ensemble_seed040,L2,3.688
9NFU,ensemble,9NFU_ensemble_seed040,L3,1.721
9NFU,ensemble,9NFU_ensemble_seed041,H1,1.909
9NFU,ensemble,9NFU_ensemble_seed041,H2,1.621
9NFU,ensemble,9NFU_ensemble_seed041,H3,2.696
9NFU,ensemble,9NFU_ensemble_seed041,L1,1.354
9NFU,ensemble,9NFU_ensemble_seed041,L2,3.57
9NFU,ensemble,9NFU_ensemble_seed041,L3,1.903
9NFU,ensemble,9NFU_ensemble_seed042,H1,1.802
9NFU,ensemble,9NFU_ensemble_seed042,H2,1.541
9NFU,ensemble,9NFU_ensemble_seed042,H3,3.096
9NFU,ensemble,9NFU_ensemble_seed042,L1,1.953
9NFU,ensemble,9NFU_ensemble_seed042,L2,3.823
9NFU,ensemble,9NFU_ensemble_seed042,L3,2.164
9NFU,ensemble,9NFU_ensemble_seed043,H1,3.148
9NFU,ensemble,9NFU_ensemble_seed043,H2,1.404
9NFU,ensemble,9NFU_ensemble_seed043,H3,4.914
9NFU,ensemble,9NFU_ensemble_seed043,L1,1.704
9NFU,ensemble,9NFU_ensemble_seed043,L2,3.779
9NFU,ensemble,9NFU_ensemble_seed043,L3,3.096
9NFU,ensemble,9NFU_ensemble_seed044,H1,1.915
9NFU,ensemble,9NFU_ensemble_seed044,H2,1.722
9NFU,ensemble,9NFU_ensemble_seed044,H3,2.582
9NFU,ensemble,9NFU_ensemble_seed044,L1,1.943
9NFU,ensemble,9NFU_ensemble_seed044,L2,4.079
9NFU,ensemble,9NFU_ensemble_seed044,L3,1.579
9NFU,ensemble,9NFU_ensemble_seed045,H1,1.74
9NFU,ensemble,9NFU_ensemble_seed045,H2,1.815
9NFU,ensemble,9NFU_ensemble_seed045,H3,4.474
9NFU,ensemble,9NFU_ensemble_seed045,L1,1.91
9NFU,ensemble,9NFU_ensemble_seed045,L2,2.987
9NFU,ensemble,9NFU_ensemble_seed045,L3,1.87
9NFU,ensemble,9NFU_ensemble_seed046,H1,4.045
9NFU,ensemble,9NFU_ensemble_seed046,H2,1.974
9NFU,ensemble,9NFU_ensemble_seed046,H3,3.718
9NFU,ensemble,9NFU_ensemble_seed046,L1,1.558
9NFU,ensemble,9NFU_ensemble_seed046,L2,3.747
9NFU,ensemble,9NFU_ensemble_seed046,L3,3.138
9NFU,ensemble,9NFU_ensemble_seed047,H1,1.968
9NFU,ensemble,9NFU_ensemble_seed047,H2,1.892
9NFU,ensemble,9NFU_ensemble_seed047,H3,4.598
9NFU,ensemble,9NFU_ensemble_seed047,L1,2.093
9NFU,ensemble,9NFU_ensemble_seed047,L2,6.417
9NFU,ensemble,9NFU_ensemble_seed047,L3,2.36
9NFU,ensemble,9NFU_ensemble_seed048,H1,2.162
9NFU,ensemble,9NFU_ensemble_seed048,H2,2.042
9NFU,ensemble,9NFU_ensemble_seed048,H3,2.868
9NFU,ensemble,9NFU_ensemble_seed048,L1,1.736
9NFU,ensemble,9NFU_ensemble_seed048,L2,3.582
9NFU,ensemble,9NFU_ensemble_seed048,L3,1.805
9NFU,ensemble,9NFU_ensemble_seed049,H1,3.142
9NFU,ensemble,9NFU_ensemble_seed049,H2,1.456
9NFU,ensemble,9NFU_ensemble_seed049,H3,4.337
9NFU,ensemble,9NFU_ensemble_seed049,L1,1.687
9NFU,ensemble,9NFU_ensemble_seed049,L2,2.991
9NFU,ensemble,9NFU_ensemble_seed049,L3,2.33
9NFU,ensemble,9NFU_ensemble_seed050,H1,3.003
9NFU,ensemble,9NFU_ensemble_seed050,H2,1.614
9NFU,ensemble,9NFU_ensemble_seed050,H3,2.859
9NFU,ensemble,9NFU_ensemble_seed050,L1,1.437
9NFU,ensemble,9NFU_ensemble_seed050,L2,3.665
9NFU,ensemble,9NFU_ensemble_seed050,L3,3.391
9NFU,ensemble,9NFU_ensemble_seed051,H1,2.355
9NFU,ensemble,9NFU_ensemble_seed051,H2,2.108
9NFU,ensemble,9NFU_ensemble_seed051,H3,4.658
9NFU,ensemble,9NFU_ensemble_seed051,L1,2.235
9NFU,ensemble,9NFU_ensemble_seed051,L2,7.057
9NFU,ensemble,9NFU_ensemble_seed051,L3,2.882
9NFU,ensemble,9NFU_ensemble_seed052,H1,2.055
9NFU,ensemble,9NFU_ensemble_seed052,H2,2.138
9NFU,ensemble,9NFU_ensemble_seed052,H3,4.81
9NFU,ensemble,9NFU_ensemble_seed052,L1,1.515
9NFU,ensemble,9NFU_ensemble_seed052,L2,3.886
9NFU,ensemble,9NFU_ensemble_seed052,L3,1.963
9NFU,ensemble,9NFU_ensemble_seed053,H1,1.839
9NFU,ensemble,9NFU_ensemble_seed053,H2,1.574
9NFU,ensemble,9NFU_ensemble_seed053,H3,3.958
9NFU,ensemble,9NFU_ensemble_seed053,L1,2.118
9NFU,ensemble,9NFU_ensemble_seed053,L2,6.95
9NFU,ensemble,9NFU_ensemble_seed053,L3,1.636
9NFU,ensemble,9NFU_ensemble_seed054,H1,2.136
9NFU,ensemble,9NFU_ensemble_seed054,H2,1.669
9NFU,ensemble,9NFU_ensemble_seed054,H3,4.889
9NFU,ensemble,9NFU_ensemble_seed054,L1,1.761
9NFU,ensemble,9NFU_ensemble_seed054,L2,3.13
9NFU,ensemble,9NFU_ensemble_seed054,L3,2.453
9NFU,ensemble,9NFU_ensemble_seed055,H1,2.538
9NFU,ensemble,9NFU_ensemble_seed055,H2,2.25
9NFU,ensemble,9NFU_ensemble_seed055,H3,4.023
9NFU,ensemble,9NFU_ensemble_seed055,L1,2.121
9NFU,ensemble,9NFU_ensemble_seed055,L2,3.831
9NFU,ensemble,9NFU_ensemble_seed055,L3,1.519
9NFU,ensemble,9NFU_ensemble_seed056,H1,2.744
9NFU,ensemble,9NFU_ensemble_seed056,H2,2.035
9NFU,ensemble,9NFU_ensemble_seed056,H3,4.529
9NFU,ensemble,9NFU_ensemble_seed056,L1,1.654
9NFU,ensemble,9NFU_ensemble_seed056,L2,3.82
9NFU,ensemble,9NFU_ensemble_seed056,L3,3.331
9NFU,ensemble,9NFU_ensemble_seed057,H1,1.889
9NFU,ensemble,9NFU_ensemble_seed057,H2,1.443
9NFU,ensemble,9NFU_ensemble_seed057,H3,4.49
9NFU,ensemble,9NFU_ensemble_seed057,L1,1.594
9NFU,ensemble,9NFU_ensemble_seed057,L2,4.061
9NFU,ensemble,9NFU_ensemble_seed057,L3,1.687
9NFU,ensemble,9NFU_ensemble_seed058,H1,2.023
9NFU,ensemble,9NFU_ensemble_seed058,H2,2.215
9NFU,ensemble,9NFU_ensemble_seed058,H3,5.7
9NFU,ensemble,9NFU_ensemble_seed058,L1,2.251
9NFU,ensemble,9NFU_ensemble_seed058,L2,3.949
9NFU,ensemble,9NFU_ensemble_seed058,L3,2.704
9NFU,ensemble,9NFU_ensemble_seed059,H1,3.035
9NFU,ensemble,9NFU_ensemble_seed059,H2,1.564
9NFU,ensemble,9NFU_ensemble_seed059,H3,4.325
9NFU,ensemble,9NFU_ensemble_seed059,L1,1.695
9NFU,ensemble,9NFU_ensemble_seed059,L2,3.838
9NFU,ensemble,9NFU_ensemble_seed059,L3,1.642
9NFU,ensemble,9NFU_ensemble_seed060,H1,3.085
9NFU,ensemble,9NFU_ensemble_seed060,H2,1.834
9NFU,ensemble,9NFU_ensemble_seed060,H3,4.264
9NFU,ensemble,9NFU_ensemble_seed060,L1,1.715
9NFU,ensemble,9NFU_ensemble_seed060,L2,3.182
9NFU,ensemble,9NFU_ensemble_seed060,L3,3.175
9NFU,ensemble,9NFU_ensemble_seed061,H1,1.91
9NFU,ensemble,9NFU_ensemble_seed061,H2,1.767
9NFU,ensemble,9NFU_ensemble_seed061,H3,2.666
9NFU,ensemble,9NFU_ensemble_seed061,L1,2.237
9NFU,ensemble,9NFU_ensemble_seed061,L2,6.557
9NFU,ensemble,9NFU_ensemble_seed061,L3,1.638
9NFU,ensemble,9NFU_ensemble_seed062,H1,3.092
9NFU,ensemble,9NFU_ensemble_seed062,H2,1.532
9NFU,ensemble,9NFU_ensemble_seed062,H3,4.933
9NFU,ensemble,9NFU_ensemble_seed062,L1,2.013
9NFU,ensemble,9NFU_ensemble_seed062,L2,6.993
9NFU,ensemble,9NFU_ensemble_seed062,L3,2.798
9NFU,ensemble,9NFU_ensemble_seed063,H1,4.351
9NFU,ensemble,9NFU_ensemble_seed063,H2,1.62
9NFU,ensemble,9NFU_ensemble_seed063,H3,4.973
9NFU,ensemble,9NFU_ensemble_seed063,L1,2.244
9NFU,ensemble,9NFU_ensemble_seed063,L2,3.209
9NFU,ensemble,9NFU_ensemble_seed063,L3,2.233
9NFU,ensemble,9NFU_ensemble_seed064,H1,2.326
9NFU,ensemble,9NFU_ensemble_seed064,H2,2.006
9NFU,ensemble,9NFU_ensemble_seed064,H3,5.175
9NFU,ensemble,9NFU_ensemble_seed064,L1,1.78
9NFU,ensemble,9NFU_ensemble_seed064,L2,3.876
9NFU,ensemble,9NFU_ensemble_seed064,L3,3.24
9NFU,ensemble,9NFU_ensemble_seed065,H1,1.906
9NFU,ensemble,9NFU_ensemble_seed065,H2,1.677
9NFU,ensemble,9NFU_ensemble_seed065,H3,4.362
9NFU,ensemble,9NFU_ensemble_seed065,L1,2.071
9NFU,ensemble,9NFU_ensemble_seed065,L2,3.192
9NFU,ensemble,9NFU_ensemble_seed065,L3,2.702
9NFU,ensemble,9NFU_ensemble_seed066,H1,3.044
9NFU,ensemble,9NFU_ensemble_seed066,H2,2.298
9NFU,ensemble,9NFU_ensemble_seed066,H3,4.765
9NFU,ensemble,9NFU_ensemble_seed066,L1,2.251
9NFU,ensemble,9NFU_ensemble_seed066,L2,6.961
9NFU,ensemble,9NFU_ensemble_seed066,L3,1.874
9NFU,ensemble,9NFU_ensemble_seed067,H1,1.846
9NFU,ensemble,9NFU_ensemble_seed067,H2,1.883
9NFU,ensemble,9NFU_ensemble_seed067,H3,4.466
9NFU,ensemble,9NFU_ensemble_seed067,L1,1.955
9NFU,ensemble,9NFU_ensemble_seed067,L2,3.054
9NFU,ensemble,9NFU_ensemble_seed067,L3,3.074
9NFU,ensemble,9NFU_ensemble_seed068,H1,2.762
9NFU,ensemble,9NFU_ensemble_seed068,H2,1.509
9NFU,ensemble,9NFU_ensemble_seed068,H3,4.216
9NFU,ensemble,9NFU_ensemble_seed068,L1,2.202
9NFU,ensemble,9NFU_ensemble_seed068,L2,4.321
9NFU,ensemble,9NFU_ensemble_seed068,L3,1.49
9NFU,ensemble,9NFU_ensemble_seed069,H1,1.93
9NFU,ensemble,9NFU_ensemble_seed069,H2,1.764
9NFU,ensemble,9NFU_ensemble_seed069,H3,5.172
9NFU,ensemble,9NFU_ensemble_seed069,L1,1.579
9NFU,ensemble,9NFU_ensemble_seed069,L2,5.588
9NFU,ensemble,9NFU_ensemble_seed069,L3,2.478
9NFU,ensemble,9NFU_ensemble_seed070,H1,2.082
9NFU,ensemble,9NFU_ensemble_seed070,H2,1.717
9NFU,ensemble,9NFU_ensemble_seed070,H3,3.453
9NFU,ensemble,9NFU_ensemble_seed070,L1,1.853
9NFU,ensemble,9NFU_ensemble_seed070,L2,3.297
9NFU,ensemble,9NFU_ensemble_seed070,L3,2.479
9NFU,ensemble,9NFU_ensemble_seed071,H1,2.221
9NFU,ensemble,9NFU_ensemble_seed071,H2,2.358
9NFU,ensemble,9NFU_ensemble_seed071,H3,4.106
9NFU,ensemble,9NFU_ensemble_seed071,L1,1.709
9NFU,ensemble,9NFU_ensemble_seed071,L2,3.009
9NFU,ensemble,9NFU_ensemble_seed071,L3,2.84
9NFU,ensemble,9NFU_ensemble_seed072,H1,2.213
9NFU,ensemble,9NFU_ensemble_seed072,H2,2.307
9NFU,ensemble,9NFU_ensemble_seed072,H3,2.483
9NFU,ensemble,9NFU_ensemble_seed072,L1,2.379
9NFU,ensemble,9NFU_ensemble_seed072,L2,3.095
9NFU,ensemble,9NFU_ensemble_seed072,L3,2.626
9NFU,ensemble,9NFU_ensemble_seed073,H1,2.423
9NFU,ensemble,9NFU_ensemble_seed073,H2,2.29
9NFU,ensemble,9NFU_ensemble_seed073,H3,3.486
9NFU,ensemble,9NFU_ensemble_seed073,L1,1.501
9NFU,ensemble,9NFU_ensemble_seed073,L2,3.776
9NFU,ensemble,9NFU_ensemble_seed073,L3,2.057
9NFU,ensemble,9NFU_ensemble_seed074,H1,1.965
9NFU,ensemble,9NFU_ensemble_seed074,H2,1.484
9NFU,ensemble,9NFU_ensemble_seed074,H3,3.076
9NFU,ensemble,9NFU_ensemble_seed074,L1,1.455
9NFU,ensemble,9NFU_ensemble_seed074,L2,4.096
9NFU,ensemble,9NFU_ensemble_seed074,L3,2.087
9NFU,ensemble,9NFU_ensemble_seed075,H1,2.976
9NFU,ensemble,9NFU_ensemble_seed075,H2,1.723
9NFU,ensemble,9NFU_ensemble_seed075,H3,3.489
9NFU,ensemble,9NFU_ensemble_seed075,L1,1.974
9NFU,ensemble,9NFU_ensemble_seed075,L2,3.217
9NFU,ensemble,9NFU_ensemble_seed075,L3,2.482
9NFU,ensemble,9NFU_ensemble_seed076,H1,1.896
9NFU,ensemble,9NFU_ensemble_seed076,H2,2.049
9NFU,ensemble,9NFU_ensemble_seed076,H3,4.325
9NFU,ensemble,9NFU_ensemble_seed076,L1,1.951
9NFU,ensemble,9NFU_ensemble_seed076,L2,3.7
9NFU,ensemble,9NFU_ensemble_seed076,L3,2.415
9NFU,ensemble,9NFU_ensemble_seed077,H1,1.993
9NFU,ensemble,9NFU_ensemble_seed077,H2,1.813
9NFU,ensemble,9NFU_ensemble_seed077,H3,4.123
9NFU,ensemble,9NFU_ensemble_seed077,L1,2.161
9NFU,ensemble,9NFU_ensemble_seed077,L2,3.134
9NFU,ensemble,9NFU_ensemble_seed077,L3,2.265
9NFU,ensemble,9NFU_ensemble_seed078,H1,1.919
9NFU,ensemble,9NFU_ensemble_seed078,H2,1.645
9NFU,ensemble,9NFU_ensemble_seed078,H3,4.529
9NFU,ensemble,9NFU_ensemble_seed078,L1,2.451
9NFU,ensemble,9NFU_ensemble_seed078,L2,3.779
9NFU,ensemble,9NFU_ensemble_seed078,L3,1.712
9NFU,ensemble,9NFU_ensemble_seed079,H1,1.81
9NFU,ensemble,9NFU_ensemble_seed079,H2,1.477
9NFU,ensemble,9NFU_ensemble_seed079,H3,3.943
9NFU,ensemble,9NFU_ensemble_seed079,L1,2.18
9NFU,ensemble,9NFU_ensemble_seed079,L2,6.744
9NFU,ensemble,9NFU_ensemble_seed079,L3,1.388
9NFU,ensemble,9NFU_ensemble_seed080,H1,1.927
9NFU,ensemble,9NFU_ensemble_seed080,H2,1.714
9NFU,ensemble,9NFU_ensemble_seed080,H3,4.458
9NFU,ensemble,9NFU_ensemble_seed080,L1,2.052
9NFU,ensemble,9NFU_ensemble_seed080,L2,6.788
9NFU,ensemble,9NFU_ensemble_seed080,L3,1.815
9NFU,ensemble,9NFU_ensemble_seed081,H1,1.921
9NFU,ensemble,9NFU_ensemble_seed081,H2,2.054
9NFU,ensemble,9NFU_ensemble_seed081,H3,4.776
9NFU,ensemble,9NFU_ensemble_seed081,L1,1.814
9NFU,ensemble,9NFU_ensemble_seed081,L2,2.934
9NFU,ensemble,9NFU_ensemble_seed081,L3,2.11
9NFU,ensemble,9NFU_ensemble_seed082,H1,2.921
9NFU,ensemble,9NFU_ensemble_seed082,H2,1.788
9NFU,ensemble,9NFU_ensemble_seed082,H3,4.03
9NFU,ensemble,9NFU_ensemble_seed082,L1,2.156
9NFU,ensemble,9NFU_ensemble_seed082,L2,3.196
9NFU,ensemble,9NFU_ensemble_seed082,L3,2.309
9NFU,ensemble,9NFU_ensemble_seed083,H1,2.112
9NFU,ensemble,9NFU_ensemble_seed083,H2,1.889
9NFU,ensemble,9NFU_ensemble_seed083,H3,4.571
9NFU,ensemble,9NFU_ensemble_seed083,L1,1.749
9NFU,ensemble,9NFU_ensemble_seed083,L2,7.02
9NFU,ensemble,9NFU_ensemble_seed083,L3,2.574
9NFU,ensemble,9NFU_ensemble_seed084,H1,1.888
9NFU,ensemble,9NFU_ensemble_seed084,H2,1.809
9NFU,ensemble,9NFU_ensemble_seed084,H3,3.336
9NFU,ensemble,9NFU_ensemble_seed084,L1,2.81
9NFU,ensemble,9NFU_ensemble_seed084,L2,3.45
9NFU,ensemble,9NFU_ensemble_seed084,L3,2.536
9NFU,ensemble,9NFU_ensemble_seed085,H1,1.89
9NFU,ensemble,9NFU_ensemble_seed085,H2,1.637
9NFU,ensemble,9NFU_ensemble_seed085,H3,4.932
9NFU,ensemble,9NFU_ensemble_seed085,L1,1.69
9NFU,ensemble,9NFU_ensemble_seed085,L2,5.195
9NFU,ensemble,9NFU_ensemble_seed085,L3,1.968
9NFU,ensemble,9NFU_ensemble_seed086,H1,1.914
9NFU,ensemble,9NFU_ensemble_seed086,H2,1.638
9NFU,ensemble,9NFU_ensemble_seed086,H3,4.285
9NFU,ensemble,9NFU_ensemble_seed086,L1,1.585
9NFU,ensemble,9NFU_ensemble_seed086,L2,4.029
9NFU,ensemble,9NFU_ensemble_seed086,L3,1.844
9NFU,ensemble,9NFU_ensemble_seed087,H1,1.747
9NFU,ensemble,9NFU_ensemble_seed087,H2,2.044
9NFU,ensemble,9NFU_ensemble_seed087,H3,4.53
9NFU,ensemble,9NFU_ensemble_seed087,L1,1.556
9NFU,ensemble,9NFU_ensemble_seed087,L2,3.779
9NFU,ensemble,9NFU_ensemble_seed087,L3,1.806
9NFU,ensemble,9NFU_ensemble_seed088,H1,2.521
9NFU,ensemble,9NFU_ensemble_seed088,H2,2.422
9NFU,ensemble,9NFU_ensemble_seed088,H3,3.631
9NFU,ensemble,9NFU_ensemble_seed088,L1,2.524
9NFU,ensemble,9NFU_ensemble_seed088,L2,4.098
9NFU,ensemble,9NFU_ensemble_seed088,L3,1.903
9NFU,ensemble,9NFU_ensemble_seed089,H1,2.887
9NFU,ensemble,9NFU_ensemble_seed089,H2,1.657
9NFU,ensemble,9NFU_ensemble_seed089,H3,4.515
9NFU,ensemble,9NFU_ensemble_seed089,L1,1.99
9NFU,ensemble,9NFU_ensemble_seed089,L2,5.962
9NFU,ensemble,9NFU_ensemble_seed089,L3,1.759
9NFU,ensemble,9NFU_ensemble_seed090,H1,2.823
9NFU,ensemble,9NFU_ensemble_seed090,H2,1.547
9NFU,ensemble,9NFU_ensemble_seed090,H3,4.378
9NFU,ensemble,9NFU_ensemble_seed090,L1,2.132
9NFU,ensemble,9NFU_ensemble_seed090,L2,3.294
9NFU,ensemble,9NFU_ensemble_seed090,L3,2.107
9NFU,ensemble,9NFU_ensemble_seed091,H1,1.93
9NFU,ensemble,9NFU_ensemble_seed091,H2,1.842
9NFU,ensemble,9NFU_ensemble_seed091,H3,4.138
9NFU,ensemble,9NFU_ensemble_seed091,L1,2.055
9NFU,ensemble,9NFU_ensemble_seed091,L2,3.75
9NFU,ensemble,9NFU_ensemble_seed091,L3,1.214
9NFU,ensemble,9NFU_ensemble_seed092,H1,1.97
9NFU,ensemble,9NFU_ensemble_seed092,H2,1.735
9NFU,ensemble,9NFU_ensemble_seed092,H3,4.301
9NFU,ensemble,9NFU_ensemble_seed092,L1,1.549
9NFU,ensemble,9NFU_ensemble_seed092,L2,3.762
9NFU,ensemble,9NFU_ensemble_seed092,L3,2.637
9NFU,ensemble,9NFU_ensemble_seed093,H1,1.916
9NFU,ensemble,9NFU_ensemble_seed093,H2,1.833
9NFU,ensemble,9NFU_ensemble_seed093,H3,4.213
9NFU,ensemble,9NFU_ensemble_seed093,L1,2.12
9NFU,ensemble,9NFU_ensemble_seed093,L2,4.23
9NFU,ensemble,9NFU_ensemble_seed093,L3,1.791
9NFU,ensemble,9NFU_ensemble_seed094,H1,4.493
9NFU,ensemble,9NFU_ensemble_seed094,H2,2.829
9NFU,ensemble,9NFU_ensemble_seed094,H3,4.922
9NFU,ensemble,9NFU_ensemble_seed094,L1,1.921
9NFU,ensemble,9NFU_ensemble_seed094,L2,5.707
9NFU,ensemble,9NFU_ensemble_seed094,L3,2.425
9NFU,ensemble,9NFU_ensemble_seed095,H1,1.622
9NFU,ensemble,9NFU_ensemble_seed095,H2,1.573
9NFU,ensemble,9NFU_ensemble_seed095,H3,4.315
9NFU,ensemble,9NFU_ensemble_seed095,L1,1.747
9NFU,ensemble,9NFU_ensemble_seed095,L2,3.052
9NFU,ensemble,9NFU_ensemble_seed095,L3,1.927
9NFU,ensemble,9NFU_ensemble_seed096,H1,1.899
9NFU,ensemble,9NFU_ensemble_seed096,H2,1.555
9NFU,ensemble,9NFU_ensemble_seed096,H3,4.173
9NFU,ensemble,9NFU_ensemble_seed096,L1,1.936
9NFU,ensemble,9NFU_ensemble_seed096,L2,7.31
9NFU,ensemble,9NFU_ensemble_seed096,L3,1.478
9NFU,ensemble,9NFU_ensemble_seed097,H1,2.511
9NFU,ensemble,9NFU_ensemble_seed097,H2,2.401
9NFU,ensemble,9NFU_ensemble_seed097,H3,4.517
9NFU,ensemble,9NFU_ensemble_seed097,L1,2.116
9NFU,ensemble,9NFU_ensemble_seed097,L2,3.307
9NFU,ensemble,9NFU_ensemble_seed097,L3,2.292
9NFU,ensemble,9NFU_ensemble_seed098,H1,1.872
9NFU,ensemble,9NFU_ensemble_seed098,H2,1.741
9NFU,ensemble,9NFU_ensemble_seed098,H3,5.094
9NFU,ensemble,9NFU_ensemble_seed098,L1,1.945
9NFU,ensemble,9NFU_ensemble_seed098,L2,3.163
9NFU,ensemble,9NFU_ensemble_seed098,L3,2.959
9NFU,ensemble,9NFU_ensemble_seed099,H1,2.314
9NFU,ensemble,9NFU_ensemble_seed099,H2,1.668
9NFU,ensemble,9NFU_ensemble_seed099,H3,4.489
9NFU,ensemble,9NFU_ensemble_seed099,L1,2.016
9NFU,ensemble,9NFU_ensemble_seed099,L2,6.344
9NFU,ensemble,9NFU_ensemble_seed099,L3,2.371
